claim_id,policy_id,customer_id,policy_type,claim_date,claim_type,claim_amount,deductible,amount_paid,claim_status,incident_description
CLM-100001,POL-1001501,CUST-501501,Renters,2025-12-25,Theft,500.0,1000.0,0.0,Paid,"Apartment burglary; laptop, tablet, and gaming console stolen."
CLM-100002,POL-1002586,CUST-502586,Home,2025-05-28,Water Damage,5917.8,2500.0,3417.8,Paid,Burst pipe in the upstairs bathroom flooded the ceiling below.
CLM-100003,POL-1002653,CUST-502653,Auto,2023-09-19,Collision,14417.68,1000.0,0.0,Denied,Rear-end collision at a traffic intersection.
CLM-100004,POL-1002653,CUST-502653,Auto,2024-05-07,Uninsured Motorist,3644.21,1000.0,2644.21,Paid,Rear-ended by an uninsured driver who fled the scene.
CLM-100005,POL-1001055,CUST-501055,Auto,2022-01-27,Collision,4512.58,1000.0,3512.58,Paid,Collided with a stationary utility pole while parking.
CLM-100006,POL-1000705,CUST-500705,Home,2024-04-04,Liability,13557.15,1000.0,12557.15,Paid,Guest tripped over a loose rug and fractured their wrist.
CLM-100007,POL-1000106,CUST-500106,Home,2025-06-18,Liability,8695.57,250.0,8445.57,Paid,Mail carrier slipped on icy front steps and sprained ankle.
CLM-100008,POL-1000589,CUST-500589,Home,2025-08-18,Liability,22738.61,1000.0,21738.61,Paid,Family dog bit a neighbor visiting the backyard.
CLM-100009,POL-1002468,CUST-502468,Auto,2021-11-11,Uninsured Motorist,2803.89,250.0,2553.89,Paid,Hit-and-run incident in a shopping mall parking structure.
CLM-100010,POL-1002413,CUST-502413,Auto,2022-01-06,Comprehensive,5647.11,500.0,5147.11,Paid,Hail storm caused extensive denting on hood and roof.
CLM-100012,POL-1001600,CUST-501600,Home,2023-09-12,Fire,28338.93,5000.0,23338.93,Paid,Grease fire in the kitchen caused severe cabinet and smoke damage.
CLM-100011,POL-1001600,CUST-501600,Home,2023-11-15,Fire,10379.18,5000.0,5379.18,Paid,Grease fire in the kitchen caused severe cabinet and smoke damage.
CLM-100013,POL-1002464,CUST-502464,Auto,2024-01-19,Uninsured Motorist,4576.57,1000.0,3576.57,Paid,Rear-ended by an uninsured driver who fled the scene.
CLM-100014,POL-1000228,CUST-500228,Auto,2025-07-04,Liability,1227.59,2500.0,0.0,Paid,Third-party property damage to a storefront fence.
CLM-100015,POL-1000915,CUST-500915,Umbrella,2025-05-08,Liability,13980.16,250.0,0.0,Denied,Defamation lawsuit settlement.
CLM-100016,POL-1000915,CUST-500915,Umbrella,2025-08-16,Liability,116806.71,250.0,0.0,Denied,Settlement for personal injury lawsuit stemming from rental property.
CLM-100017,POL-1000794,CUST-500794,Auto,2024-08-14,Liability,4823.73,250.0,4573.73,Paid,Third-party property damage to a storefront fence.
CLM-100018,POL-1000794,CUST-500794,Auto,2025-05-17,Liability,1441.48,250.0,1191.48,Paid,Third-party property damage to a storefront fence.
CLM-100019,POL-1003021,CUST-503021,Umbrella,2023-01-23,Liability,47814.0,5000.0,42814.0,Paid,Excess liability claim following a major multi-car auto accident.
CLM-100020,POL-1003543,CUST-503543,Renters,2026-05-05,Theft,9778.1,1000.0,8778.1,Under Review,Bicycle stolen from the apartment complex bike rack.
CLM-100021,POL-1001073,CUST-501073,Auto,2021-07-05,Comprehensive,500.0,500.0,0.0,Denied,Windshield cracked by a rock flying from a dump truck.
CLM-100022,POL-1003351,CUST-503351,Home,2026-04-29,Fire,7972.12,250.0,7722.12,Under Review,Electrical fire in the garage damaged walls and tools.
CLM-100023,POL-1001744,CUST-501744,Home,2026-04-21,Fire,3048.45,1000.0,0.0,Denied,Grease fire in the kitchen caused severe cabinet and smoke damage.
CLM-100025,POL-1001084,CUST-501084,Life,2026-03-16,Death Benefit,276000.0,1000.0,276000.0,Paid,Fatal cardiovascular event.
CLM-100024,POL-1001084,CUST-501084,Life,2026-03-19,Death Benefit,276000.0,1000.0,276000.0,Paid,Fatal cardiovascular event.
CLM-100026,POL-1000926,CUST-500926,Home,2025-07-25,Water Damage,31568.36,500.0,31068.36,Paid,Burst pipe in the upstairs bathroom flooded the ceiling below.
CLM-100027,POL-1003049,CUST-503049,Home,2024-09-28,Theft,35415.17,5000.0,30415.17,Paid,Lawnmower and power tools stolen from locked backyard shed.
CLM-100028,POL-1001117,CUST-501117,Auto,2023-07-28,Comprehensive,905.86,1000.0,0.0,Paid,Collided with a deer crossing the road at night.
CLM-100029,POL-1000642,CUST-500642,Home,2026-03-01,Water Damage,70427.44,250.0,70177.44,Paid,Burst pipe in the upstairs bathroom flooded the ceiling below.
CLM-100031,POL-1004767,CUST-504767,Auto,2025-11-30,Comprehensive,5321.42,250.0,5071.42,Paid,Collided with a deer crossing the road at night.
CLM-100030,POL-1004767,CUST-504767,Auto,2026-02-02,Uninsured Motorist,13830.04,250.0,13580.04,Paid,Hit-and-run incident in a shopping mall parking structure.
CLM-100032,POL-1000501,CUST-500501,Auto,2025-10-22,Uninsured Motorist,23949.82,2500.0,21449.82,Paid,Hit-and-run incident in a shopping mall parking structure.
CLM-100033,POL-1004066,CUST-504066,Motorcycle,2024-09-11,Comprehensive,7002.24,5000.0,2002.24,Paid,Motorcycle blown over and damaged during a windstorm.
CLM-100034,POL-1000333,CUST-500333,Auto,2025-12-24,Comprehensive,3509.67,5000.0,0.0,Paid,Vehicle vandalized with spray paint in a public parking lot.
CLM-100035,POL-1004684,CUST-504684,Auto,2026-02-18,Liability,500.0,250.0,250.0,Paid,Third-party property damage to a storefront fence.
CLM-100036,POL-1000486,CUST-500486,Auto,2026-04-21,Uninsured Motorist,16509.77,500.0,16009.77,Paid,Hit-and-run incident in a shopping mall parking structure.
CLM-100037,POL-1001962,CUST-501962,Life,2022-11-14,Death Benefit,563000.0,2500.0,563000.0,Paid,Accidental death in a domestic incident.
CLM-100038,POL-1000393,CUST-500393,Auto,2026-02-11,Collision,22869.94,1000.0,21869.94,Paid,Rear-end collision at a traffic intersection.
CLM-100039,POL-1004842,CUST-504842,Auto,2024-10-07,Comprehensive,12112.6,500.0,11612.6,Paid,Hail storm caused extensive denting on hood and roof.
CLM-100040,POL-1004866,CUST-504866,Boat,2026-04-06,Storm Damage,6730.48,2500.0,4230.48,Under Review,Lightning strike fried the onboard marine electronics.
CLM-100041,POL-1001755,CUST-501755,Home,2025-03-30,Theft,6413.48,5000.0,1413.48,Paid,Porch pirate stole high-value packages delivered to front door.
CLM-100042,POL-1002515,CUST-502515,Auto,2025-08-31,Collision,9623.93,250.0,9373.93,Paid,Rear-end collision at a traffic intersection.
CLM-100043,POL-1002515,CUST-502515,Auto,2025-09-08,Liability,15929.44,250.0,15679.44,Paid,Backed into neighbor's parked car causing bumper damage.
CLM-100044,POL-1003585,CUST-503585,Home,2024-12-21,Theft,38955.83,1000.0,37955.83,Paid,Break-in through rear window; jewelry and electronics stolen.
CLM-100045,POL-1003585,CUST-503585,Home,2025-11-14,Wind/Hail,20595.96,1000.0,19595.96,Paid,Fallen tree limb damaged the backyard deck during a storm.
CLM-100046,POL-1004315,CUST-504315,Home,2025-01-09,Liability,39444.93,1000.0,38444.93,Paid,Mail carrier slipped on icy front steps and sprained ankle.
CLM-100047,POL-1004966,CUST-504966,Auto,2023-08-03,Collision,2196.24,5000.0,0.0,Paid,Sideswiped by another vehicle merging onto the highway.
CLM-100048,POL-1004966,CUST-504966,Auto,2023-10-10,Comprehensive,983.68,5000.0,0.0,Paid,Vehicle vandalized with spray paint in a public parking lot.
CLM-100049,POL-1002099,CUST-502099,Motorcycle,2025-10-21,Collision,1723.63,1000.0,0.0,Denied,Collided with a guardrail while avoiding a sudden obstacle.
CLM-100050,POL-1003599,CUST-503599,Life,2024-08-21,Death Benefit,1627000.0,5000.0,1627000.0,Paid,Passed away from complications of pneumonia.
CLM-100051,POL-1004121,CUST-504121,Home,2025-11-29,Wind/Hail,57006.79,250.0,56756.79,Paid,Severe thunderstorm tore off several roof shingles.
CLM-100052,POL-1000029,CUST-500029,Life,2026-02-24,Death Benefit,1926000.0,5000.0,1926000.0,Paid,Fatal cardiovascular event.
CLM-100053,POL-1000065,CUST-500065,Renters,2024-09-06,Theft,689.35,500.0,189.35,Paid,"Apartment burglary; laptop, tablet, and gaming console stolen."
CLM-100054,POL-1000065,CUST-500065,Renters,2024-10-04,Water Damage,3259.55,500.0,2759.55,Paid,Bathtub overflow from the apartment above leaked through ceiling.
CLM-100055,POL-1000838,CUST-500838,Auto,2022-10-05,Comprehensive,3549.51,5000.0,0.0,Denied,Vehicle vandalized with spray paint in a public parking lot.
CLM-100056,POL-1000838,CUST-500838,Auto,2026-01-27,Uninsured Motorist,6671.94,5000.0,1671.94,Paid,Rear-ended by an uninsured driver who fled the scene.
CLM-100057,POL-1003906,CUST-503906,Auto,2025-04-11,Uninsured Motorist,6873.09,2500.0,4373.09,Paid,Rear-ended by an uninsured driver who fled the scene.
CLM-100058,POL-1003773,CUST-503773,Motorcycle,2026-02-04,Liability,2258.4,500.0,1758.4,Paid,Passenger injured when motorcycle slid on wet leaves.
CLM-100059,POL-1003773,CUST-503773,Motorcycle,2026-03-20,Comprehensive,500.0,500.0,0.0,Paid,Motorcycle stolen from apartment complex parking lot.
CLM-100060,POL-1004635,CUST-504635,Renters,2026-05-09,Water Damage,2184.16,2500.0,0.0,Under Review,Bathtub overflow from the apartment above leaked through ceiling.
CLM-100062,POL-1003161,CUST-503161,Home,2022-02-17,Water Damage,26544.49,2500.0,24044.49,Paid,Burst pipe in the upstairs bathroom flooded the ceiling below.
CLM-100061,POL-1003161,CUST-503161,Home,2023-01-08,Liability,9341.97,2500.0,6841.97,Paid,Family dog bit a neighbor visiting the backyard.
CLM-100063,POL-1002659,CUST-502659,Life,2022-10-10,Death Benefit,709000.0,250.0,0.0,Denied,Passed away due to natural causes.
CLM-100065,POL-1004615,CUST-504615,Auto,2026-02-11,Collision,5744.44,1000.0,4744.44,Paid,Rear-end collision at a traffic intersection.
CLM-100064,POL-1004615,CUST-504615,Auto,2026-04-27,Comprehensive,2028.64,1000.0,1028.64,Under Review,Vehicle vandalized with spray paint in a public parking lot.
CLM-100066,POL-1004628,CUST-504628,Life,2025-03-15,Death Benefit,494000.0,1000.0,494000.0,Paid,Passed away due to natural causes.
CLM-100067,POL-1002451,CUST-502451,Umbrella,2023-04-05,Liability,39493.32,500.0,38993.32,Paid,Defamation lawsuit settlement.
CLM-100068,POL-1002846,CUST-502846,Home,2024-08-12,Fire,1197.89,5000.0,0.0,Paid,Chimney fire caused attic and roof structure damage.
CLM-100069,POL-1002846,CUST-502846,Home,2024-12-17,Water Damage,14414.2,5000.0,9414.2,Paid,"Dishwasher overflowed, damaging kitchen hardwood floors."
CLM-100072,POL-1001144,CUST-501144,Auto,2025-06-13,Collision,2606.94,1000.0,1606.94,Paid,Multi-vehicle accident on wet roadway.
CLM-100070,POL-1001144,CUST-501144,Auto,2025-07-02,Uninsured Motorist,4697.55,1000.0,3697.55,Paid,Rear-ended by an uninsured driver who fled the scene.
CLM-100071,POL-1001144,CUST-501144,Auto,2025-12-24,Uninsured Motorist,6068.5,1000.0,5068.5,Paid,Rear-ended by an uninsured driver who fled the scene.
CLM-100073,POL-1003078,CUST-503078,Auto,2025-05-18,Uninsured Motorist,6501.36,5000.0,1501.36,Paid,Hit-and-run incident in a shopping mall parking structure.
CLM-100074,POL-1001103,CUST-501103,Home,2026-02-10,Wind/Hail,4248.47,500.0,3748.47,Paid,Fallen tree limb damaged the backyard deck during a storm.
CLM-100075,POL-1001103,CUST-501103,Home,2026-03-30,Wind/Hail,18259.61,500.0,17759.61,Paid,Severe thunderstorm tore off several roof shingles.
CLM-100076,POL-1000168,CUST-500168,Auto,2024-07-23,Liability,3058.22,2500.0,0.0,Denied,Backed into neighbor's parked car causing bumper damage.
CLM-100077,POL-1001670,CUST-501670,Home,2024-04-30,Water Damage,9387.35,5000.0,4387.35,Paid,Burst pipe in the upstairs bathroom flooded the ceiling below.
CLM-100078,POL-1002570,CUST-502570,Life,2022-03-18,Death Benefit,880000.0,5000.0,880000.0,Paid,Fatal cardiovascular event.
CLM-100079,POL-1002377,CUST-502377,Renters,2024-06-22,Theft,1522.62,1000.0,522.62,Paid,Bicycle stolen from the apartment complex bike rack.
CLM-100080,POL-1004395,CUST-504395,Home,2024-11-29,Water Damage,9452.06,1000.0,8452.06,Paid,Burst pipe in the upstairs bathroom flooded the ceiling below.
CLM-100081,POL-1004257,CUST-504257,Auto,2026-03-19,Collision,4063.01,1000.0,3063.01,Paid,Rear-end collision at a traffic intersection.
CLM-100082,POL-1004257,CUST-504257,Auto,2026-04-15,Collision,17923.99,1000.0,16923.99,Paid,Rear-end collision at a traffic intersection.
CLM-100083,POL-1003862,CUST-503862,Home,2026-05-04,Water Damage,71694.39,500.0,71194.39,Under Review,Burst pipe in the upstairs bathroom flooded the ceiling below.
CLM-100084,POL-1000023,CUST-500023,Home,2022-03-11,Theft,36539.26,500.0,36039.26,Paid,Lawnmower and power tools stolen from locked backyard shed.
CLM-100085,POL-1002633,CUST-502633,Auto,2025-06-10,Uninsured Motorist,2296.16,250.0,2046.16,Paid,Rear-ended by an uninsured driver who fled the scene.
CLM-100086,POL-1003340,CUST-503340,Home,2023-11-09,Theft,57963.54,2500.0,55463.54,Paid,Break-in through rear window; jewelry and electronics stolen.
CLM-100088,POL-1002215,CUST-502215,Auto,2024-11-04,Uninsured Motorist,9981.89,2500.0,7481.89,Paid,Hit-and-run incident in a shopping mall parking structure.
CLM-100087,POL-1002215,CUST-502215,Auto,2025-02-19,Liability,6557.04,2500.0,4057.04,Paid,"Ran a stop sign and hit a bicyclist, causing minor injuries."
CLM-100089,POL-1003682,CUST-503682,Auto,2024-11-05,Comprehensive,2131.51,1000.0,1131.51,Paid,Collided with a deer crossing the road at night.
CLM-100090,POL-1004724,CUST-504724,Auto,2022-05-21,Collision,13737.38,5000.0,8737.38,Paid,Rear-end collision at a traffic intersection.
CLM-100091,POL-1004724,CUST-504724,Auto,2022-08-28,Collision,1136.24,5000.0,0.0,Paid,Rear-end collision at a traffic intersection.
CLM-100092,POL-1001907,CUST-501907,Auto,2025-12-05,Uninsured Motorist,4847.0,1000.0,3847.0,Paid,Rear-ended by an uninsured driver who fled the scene.
CLM-100093,POL-1000084,CUST-500084,Renters,2022-06-02,Water Damage,848.48,250.0,598.48,Paid,Leaking pipe in the wall damaged living room furniture.
CLM-100094,POL-1000084,CUST-500084,Renters,2022-08-07,Theft,2255.39,250.0,2005.39,Paid,"Apartment burglary; laptop, tablet, and gaming console stolen."
CLM-100095,POL-1000084,CUST-500084,Renters,2023-04-14,Theft,883.06,250.0,633.06,Paid,Bicycle stolen from the apartment complex bike rack.
CLM-100097,POL-1000227,CUST-500227,Auto,2023-08-11,Uninsured Motorist,19905.73,1000.0,18905.73,Paid,Hit-and-run incident in a shopping mall parking structure.
CLM-100096,POL-1000227,CUST-500227,Auto,2023-10-28,Comprehensive,4355.73,1000.0,3355.73,Paid,Windshield cracked by a rock flying from a dump truck.
CLM-100098,POL-1000296,CUST-500296,Auto,2025-07-27,Comprehensive,6667.0,250.0,6417.0,Paid,Collided with a deer crossing the road at night.
CLM-100100,POL-1001001,CUST-501001,Auto,2022-07-20,Liability,3330.73,5000.0,0.0,Paid,"Ran a stop sign and hit a bicyclist, causing minor injuries."
CLM-100099,POL-1001001,CUST-501001,Auto,2022-09-13,Liability,10305.58,5000.0,5305.58,Paid,"Ran a stop sign and hit a bicyclist, causing minor injuries."
CLM-100101,POL-1002138,CUST-502138,Auto,2024-04-18,Collision,1391.26,250.0,1141.26,Paid,Rear-end collision at a traffic intersection.
CLM-100102,POL-1000711,CUST-500711,Life,2022-05-10,Death Benefit,1358000.0,5000.0,1358000.0,Paid,Passed away due to natural causes.
CLM-100104,POL-1002801,CUST-502801,Auto,2025-08-10,Liability,2457.81,250.0,2207.81,Paid,Backed into neighbor's parked car causing bumper damage.
CLM-100103,POL-1002801,CUST-502801,Auto,2026-03-06,Comprehensive,23690.88,250.0,23440.88,Paid,Collided with a deer crossing the road at night.
CLM-100105,POL-1002527,CUST-502527,Home,2024-02-03,Fire,914.79,1000.0,0.0,Denied,Electrical fire in the garage damaged walls and tools.
CLM-100106,POL-1003752,CUST-503752,Boat,2022-02-23,Storm Damage,8171.01,5000.0,3171.01,Paid,Lightning strike fried the onboard marine electronics.
CLM-100107,POL-1003321,CUST-503321,Auto,2024-07-20,Collision,10509.03,250.0,0.0,Denied,Sideswiped by another vehicle merging onto the highway.
CLM-100108,POL-1003321,CUST-503321,Auto,2024-08-15,Collision,12171.98,250.0,11921.98,Paid,Collided with a stationary utility pole while parking.
CLM-100109,POL-1003181,CUST-503181,Home,2025-01-31,Wind/Hail,29909.73,1000.0,28909.73,Paid,Severe thunderstorm tore off several roof shingles.
CLM-100110,POL-1004183,CUST-504183,Auto,2023-12-04,Comprehensive,500.0,500.0,0.0,Paid,Collided with a deer crossing the road at night.
CLM-100111,POL-1001615,CUST-501615,Auto,2025-08-30,Comprehensive,6679.01,1000.0,5679.01,Paid,Collided with a deer crossing the road at night.
CLM-100112,POL-1003024,CUST-503024,Home,2025-10-31,Fire,17996.68,250.0,17746.68,Paid,Chimney fire caused attic and roof structure damage.
CLM-100113,POL-1001413,CUST-501413,Home,2025-06-24,Fire,13211.84,2500.0,10711.84,Paid,Grease fire in the kitchen caused severe cabinet and smoke damage.
CLM-100114,POL-1000763,CUST-500763,Renters,2022-03-29,Water Damage,1528.29,5000.0,0.0,Paid,Bathtub overflow from the apartment above leaked through ceiling.
CLM-100115,POL-1000655,CUST-500655,Boat,2022-02-13,Collision,1413.28,1000.0,413.28,Paid,"Collided with a floating log in the lake, damaging the hull."
CLM-100116,POL-1004797,CUST-504797,Auto,2026-01-10,Comprehensive,7877.78,500.0,7377.78,Paid,Collided with a deer crossing the road at night.
CLM-100117,POL-1003849,CUST-503849,Auto,2022-04-08,Uninsured Motorist,3227.72,2500.0,727.72,Paid,Hit-and-run incident in a shopping mall parking structure.
CLM-100119,POL-1004153,CUST-504153,Home,2025-02-27,Water Damage,16560.17,250.0,16310.17,Paid,"Dishwasher overflowed, damaging kitchen hardwood floors."
CLM-100118,POL-1004153,CUST-504153,Home,2025-11-03,Wind/Hail,35582.98,250.0,35332.98,Paid,Severe thunderstorm tore off several roof shingles.
CLM-100120,POL-1000468,CUST-500468,Auto,2026-02-09,Liability,1949.33,5000.0,0.0,Paid,Third-party property damage to a storefront fence.
CLM-100121,POL-1000157,CUST-500157,Home,2024-01-10,Theft,60422.6,2500.0,57922.6,Paid,Break-in through rear window; jewelry and electronics stolen.
CLM-100122,POL-1001295,CUST-501295,Life,2025-02-19,Death Benefit,1238000.0,5000.0,1238000.0,Paid,Passed away from complications of pneumonia.
CLM-100123,POL-1000497,CUST-500497,Home,2025-12-25,Fire,3354.45,5000.0,0.0,Paid,Grease fire in the kitchen caused severe cabinet and smoke damage.
CLM-100125,POL-1004740,CUST-504740,Home,2022-09-11,Fire,40594.91,5000.0,35594.91,Paid,Chimney fire caused attic and roof structure damage.
CLM-100124,POL-1004740,CUST-504740,Home,2025-12-10,Water Damage,21977.2,5000.0,16977.2,Paid,"Dishwasher overflowed, damaging kitchen hardwood floors."
CLM-100128,POL-1002940,CUST-502940,Auto,2021-10-26,Comprehensive,942.5,500.0,442.5,Paid,Collided with a deer crossing the road at night.
CLM-100127,POL-1002940,CUST-502940,Auto,2022-01-05,Comprehensive,2990.71,500.0,2490.71,Paid,Hail storm caused extensive denting on hood and roof.
CLM-100126,POL-1002940,CUST-502940,Auto,2022-05-10,Comprehensive,3382.73,500.0,2882.73,Paid,Vehicle vandalized with spray paint in a public parking lot.
CLM-100129,POL-1003456,CUST-503456,Home,2026-01-20,Theft,39078.24,5000.0,34078.24,Paid,Porch pirate stole high-value packages delivered to front door.
CLM-100130,POL-1003456,CUST-503456,Home,2026-03-03,Water Damage,19718.45,5000.0,14718.45,Paid,"Water heater failed, leaking water across the laundry room floor."
CLM-100131,POL-1000373,CUST-500373,Renters,2024-11-20,Water Damage,4272.94,500.0,3772.94,Paid,Leaking pipe in the wall damaged living room furniture.
CLM-100132,POL-1000079,CUST-500079,Life,2024-09-18,Death Benefit,306000.0,5000.0,306000.0,Paid,Accidental death in a domestic incident.
CLM-100133,POL-1001553,CUST-501553,Auto,2025-08-24,Comprehensive,500.0,5000.0,0.0,Paid,Hail storm caused extensive denting on hood and roof.
CLM-100135,POL-1001553,CUST-501553,Auto,2025-08-25,Collision,1481.6,5000.0,0.0,Paid,Collided with a stationary utility pole while parking.
CLM-100134,POL-1001553,CUST-501553,Auto,2025-10-29,Liability,5619.43,5000.0,619.43,Paid,Backed into neighbor's parked car causing bumper damage.
CLM-100137,POL-1001669,CUST-501669,Auto,2024-08-05,Liability,33691.28,500.0,33191.28,Paid,"Ran a stop sign and hit a bicyclist, causing minor injuries."
CLM-100136,POL-1001669,CUST-501669,Auto,2025-01-21,Liability,5659.31,500.0,5159.31,Paid,"Ran a stop sign and hit a bicyclist, causing minor injuries."
CLM-100138,POL-1002131,CUST-502131,Home,2023-07-25,Liability,14784.72,2500.0,12284.72,Paid,Family dog bit a neighbor visiting the backyard.
CLM-100139,POL-1004439,CUST-504439,Renters,2025-01-21,Theft,2778.28,250.0,2528.28,Paid,"Apartment burglary; laptop, tablet, and gaming console stolen."
CLM-100140,POL-1000465,CUST-500465,Auto,2024-02-04,Comprehensive,4491.66,1000.0,3491.66,Paid,Collided with a deer crossing the road at night.
CLM-100141,POL-1000248,CUST-500248,Motorcycle,2025-12-01,Collision,734.0,1000.0,0.0,Paid,Collided with a guardrail while avoiding a sudden obstacle.
CLM-100142,POL-1000931,CUST-500931,Home,2022-03-01,Fire,7311.81,250.0,7061.81,Paid,Chimney fire caused attic and roof structure damage.
CLM-100143,POL-1001335,CUST-501335,Home,2025-03-21,Theft,5423.1,250.0,5173.1,Paid,Porch pirate stole high-value packages delivered to front door.
CLM-100144,POL-1004524,CUST-504524,Auto,2026-04-28,Collision,12541.13,2500.0,10041.13,Under Review,Multi-vehicle accident on wet roadway.
CLM-100145,POL-1004524,CUST-504524,Auto,2026-05-06,Comprehensive,5733.6,2500.0,3233.6,Under Review,Collided with a deer crossing the road at night.
CLM-100146,POL-1001338,CUST-501338,Life,2026-04-16,Death Benefit,1588000.0,5000.0,1588000.0,Under Review,Passed away due to natural causes.
CLM-100148,POL-1001406,CUST-501406,Renters,2023-07-02,Fire,8813.73,5000.0,0.0,Denied,Candle left unattended started a small bedroom fire.
CLM-100147,POL-1001406,CUST-501406,Renters,2023-09-20,Water Damage,580.47,5000.0,0.0,Paid,Leaking pipe in the wall damaged living room furniture.
CLM-100149,POL-1001406,CUST-501406,Renters,2023-12-03,Fire,5806.82,5000.0,806.82,Paid,"Toaster oven caught fire, causing kitchen smoke damage."
CLM-100150,POL-1001090,CUST-501090,Auto,2026-01-26,Liability,3799.82,250.0,3549.82,Paid,Third-party property damage to a storefront fence.
CLM-100151,POL-1004209,CUST-504209,Home,2025-09-02,Theft,15593.64,250.0,0.0,Denied,Lawnmower and power tools stolen from locked backyard shed.
CLM-100152,POL-1000742,CUST-500742,Auto,2026-04-04,Liability,8657.36,2500.0,6157.36,Paid,Third-party property damage to a storefront fence.
CLM-100153,POL-1002323,CUST-502323,Auto,2024-06-04,Comprehensive,8408.3,1000.0,7408.3,Paid,Hail storm caused extensive denting on hood and roof.
CLM-100154,POL-1003601,CUST-503601,Home,2025-02-28,Theft,30214.86,2500.0,27714.86,Paid,Porch pirate stole high-value packages delivered to front door.
CLM-100156,POL-1002123,CUST-502123,Auto,2024-10-28,Liability,4239.72,250.0,3989.72,Paid,"Ran a stop sign and hit a bicyclist, causing minor injuries."
CLM-100155,POL-1002123,CUST-502123,Auto,2025-04-24,Liability,1621.36,250.0,1371.36,Paid,"Ran a stop sign and hit a bicyclist, causing minor injuries."
CLM-100157,POL-1002123,CUST-502123,Auto,2025-05-31,Uninsured Motorist,500.0,250.0,250.0,Paid,Hit-and-run incident in a shopping mall parking structure.
CLM-100158,POL-1002094,CUST-502094,Motorcycle,2022-03-21,Comprehensive,12916.82,1000.0,11916.82,Paid,Motorcycle stolen from apartment complex parking lot.
CLM-100159,POL-1002094,CUST-502094,Motorcycle,2022-07-06,Collision,10518.4,1000.0,9518.4,Paid,Collided with a guardrail while avoiding a sudden obstacle.
CLM-100160,POL-1000240,CUST-500240,Auto,2025-08-26,Comprehensive,5427.63,500.0,4927.63,Paid,Windshield cracked by a rock flying from a dump truck.
CLM-100162,POL-1002351,CUST-502351,Life,2024-08-13,Death Benefit,1391000.0,500.0,1391000.0,Paid,Fatal cardiovascular event.
CLM-100161,POL-1002351,CUST-502351,Life,2024-09-07,Death Benefit,1391000.0,500.0,1391000.0,Paid,Passed away due to natural causes.
CLM-100163,POL-1001370,CUST-501370,Umbrella,2025-03-28,Liability,27210.48,250.0,26960.48,Paid,Excess liability claim following a major multi-car auto accident.
CLM-100164,POL-1001057,CUST-501057,Auto,2023-01-17,Comprehensive,6329.54,2500.0,3829.54,Paid,Hail storm caused extensive denting on hood and roof.
CLM-100165,POL-1004816,CUST-504816,Umbrella,2025-08-10,Liability,241570.53,500.0,241070.53,Paid,Settlement for personal injury lawsuit stemming from rental property.
CLM-100166,POL-1000199,CUST-500199,Auto,2026-01-16,Comprehensive,15262.45,250.0,0.0,Denied,Hail storm caused extensive denting on hood and roof.
CLM-100167,POL-1002280,CUST-502280,Renters,2026-02-28,Fire,6144.19,1000.0,0.0,Denied,Candle left unattended started a small bedroom fire.
CLM-100168,POL-1004749,CUST-504749,Life,2025-03-14,Death Benefit,590000.0,500.0,590000.0,Paid,Passed away due to natural causes.
CLM-100170,POL-1002220,CUST-502220,Auto,2025-11-28,Uninsured Motorist,2340.33,500.0,1840.33,Paid,Rear-ended by an uninsured driver who fled the scene.
CLM-100169,POL-1002220,CUST-502220,Auto,2026-05-01,Uninsured Motorist,7625.42,500.0,7125.42,Under Review,Rear-ended by an uninsured driver who fled the scene.
CLM-100171,POL-1004771,CUST-504771,Umbrella,2026-05-06,Liability,387120.95,2500.0,384620.95,Under Review,Excess liability claim following a major multi-car auto accident.
CLM-100172,POL-1002819,CUST-502819,Auto,2025-12-14,Comprehensive,4672.43,1000.0,3672.43,Paid,Hail storm caused extensive denting on hood and roof.
CLM-100173,POL-1003150,CUST-503150,Auto,2025-10-23,Liability,18640.1,500.0,18140.1,Paid,"Ran a stop sign and hit a bicyclist, causing minor injuries."
CLM-100174,POL-1004256,CUST-504256,Auto,2024-06-29,Uninsured Motorist,1079.88,500.0,579.88,Paid,Hit-and-run incident in a shopping mall parking structure.
CLM-100175,POL-1003107,CUST-503107,Motorcycle,2025-11-04,Liability,4321.99,500.0,3821.99,Paid,Accidentally scraped side of a parked luxury sedan.
CLM-100176,POL-1003107,CUST-503107,Motorcycle,2026-04-02,Comprehensive,2681.77,500.0,2181.77,Paid,Motorcycle blown over and damaged during a windstorm.
CLM-100177,POL-1001973,CUST-501973,Life,2022-09-15,Death Benefit,1331000.0,1000.0,1331000.0,Paid,Accidental death in a domestic incident.
CLM-100178,POL-1001375,CUST-501375,Home,2025-10-14,Water Damage,55456.12,1000.0,54456.12,Paid,"Water heater failed, leaking water across the laundry room floor."
CLM-100179,POL-1003968,CUST-503968,Home,2025-09-30,Wind/Hail,20205.91,250.0,19955.91,Paid,Fallen tree limb damaged the backyard deck during a storm.
CLM-100180,POL-1004062,CUST-504062,Home,2024-10-11,Water Damage,42222.36,250.0,41972.36,Paid,"Water heater failed, leaking water across the laundry room floor."
CLM-100182,POL-1004445,CUST-504445,Life,2022-10-03,Death Benefit,1672000.0,5000.0,1672000.0,Paid,Fatal cardiovascular event.
CLM-100181,POL-1004445,CUST-504445,Life,2023-11-11,Death Benefit,1672000.0,5000.0,1672000.0,Paid,Passed away due to natural causes.
CLM-100183,POL-1003557,CUST-503557,Renters,2024-10-02,Water Damage,1938.31,250.0,1688.31,Paid,Leaking pipe in the wall damaged living room furniture.
CLM-100184,POL-1003557,CUST-503557,Renters,2025-08-29,Theft,17980.08,250.0,17730.08,Paid,"Apartment burglary; laptop, tablet, and gaming console stolen."
CLM-100185,POL-1000964,CUST-500964,Renters,2025-01-21,Fire,2616.07,1000.0,1616.07,Paid,"Toaster oven caught fire, causing kitchen smoke damage."
CLM-100186,POL-1000179,CUST-500179,Life,2023-03-14,Death Benefit,886000.0,5000.0,886000.0,Paid,Accidental death in a domestic incident.
CLM-100187,POL-1003698,CUST-503698,Auto,2021-08-26,Comprehensive,4149.86,500.0,3649.86,Paid,Hail storm caused extensive denting on hood and roof.
CLM-100188,POL-1003698,CUST-503698,Auto,2022-07-27,Collision,544.62,500.0,44.62,Paid,Multi-vehicle accident on wet roadway.
CLM-100189,POL-1003698,CUST-503698,Auto,2022-10-25,Collision,4986.2,500.0,4486.2,Paid,Sideswiped by another vehicle merging onto the highway.
CLM-100190,POL-1003821,CUST-503821,Home,2025-10-10,Theft,9579.29,5000.0,4579.29,Paid,Lawnmower and power tools stolen from locked backyard shed.
CLM-100192,POL-1004878,CUST-504878,Motorcycle,2026-03-31,Collision,3175.28,2500.0,675.28,Paid,Car turned left in front of motorcycle at an intersection.
CLM-100191,POL-1004878,CUST-504878,Motorcycle,2026-04-13,Liability,6280.59,2500.0,3780.59,Paid,Passenger injured when motorcycle slid on wet leaves.
CLM-100193,POL-1003899,CUST-503899,Auto,2024-10-17,Uninsured Motorist,1018.69,1000.0,18.69,Paid,Rear-ended by an uninsured driver who fled the scene.
CLM-100194,POL-1004487,CUST-504487,Home,2025-12-25,Fire,40753.22,5000.0,35753.22,Paid,Chimney fire caused attic and roof structure damage.
CLM-100197,POL-1003238,CUST-503238,Auto,2023-08-30,Collision,2939.92,250.0,2689.92,Paid,Rear-end collision at a traffic intersection.
CLM-100196,POL-1003238,CUST-503238,Auto,2024-01-28,Comprehensive,8959.55,250.0,8709.55,Paid,Windshield cracked by a rock flying from a dump truck.
CLM-100195,POL-1003238,CUST-503238,Auto,2025-04-05,Uninsured Motorist,776.5,250.0,526.5,Paid,Rear-ended by an uninsured driver who fled the scene.
CLM-100199,POL-1002974,CUST-502974,Umbrella,2023-05-18,Liability,120126.88,250.0,119876.88,Paid,Excess liability claim following a major multi-car auto accident.
CLM-100198,POL-1002974,CUST-502974,Umbrella,2023-08-19,Liability,39700.6,250.0,39450.6,Paid,Excess liability claim following a major multi-car auto accident.
CLM-100200,POL-1003580,CUST-503580,Auto,2025-04-24,Uninsured Motorist,2831.44,500.0,2331.44,Paid,Hit-and-run incident in a shopping mall parking structure.
CLM-100201,POL-1002887,CUST-502887,Home,2025-11-07,Theft,26381.7,1000.0,25381.7,Paid,Lawnmower and power tools stolen from locked backyard shed.
CLM-100202,POL-1002887,CUST-502887,Home,2026-01-10,Theft,92699.55,1000.0,91699.55,Paid,Lawnmower and power tools stolen from locked backyard shed.
CLM-100203,POL-1002575,CUST-502575,Auto,2024-01-14,Liability,500.0,500.0,0.0,Paid,Backed into neighbor's parked car causing bumper damage.
CLM-100205,POL-1001419,CUST-501419,Renters,2025-01-24,Theft,2037.75,2500.0,0.0,Paid,"Apartment burglary; laptop, tablet, and gaming console stolen."
CLM-100204,POL-1001419,CUST-501419,Renters,2025-02-01,Theft,2962.74,2500.0,462.74,Paid,"Apartment burglary; laptop, tablet, and gaming console stolen."
CLM-100206,POL-1003907,CUST-503907,Home,2025-08-15,Wind/Hail,4178.52,500.0,0.0,Denied,Severe thunderstorm tore off several roof shingles.
CLM-100207,POL-1004673,CUST-504673,Home,2026-02-03,Water Damage,3645.55,1000.0,2645.55,Paid,Burst pipe in the upstairs bathroom flooded the ceiling below.
CLM-100208,POL-1004902,CUST-504902,Home,2023-07-20,Water Damage,59577.38,500.0,0.0,Denied,Burst pipe in the upstairs bathroom flooded the ceiling below.
CLM-100209,POL-1001860,CUST-501860,Auto,2024-03-10,Uninsured Motorist,11772.98,5000.0,6772.98,Paid,Rear-ended by an uninsured driver who fled the scene.
CLM-100211,POL-1000008,CUST-500008,Auto,2025-11-17,Liability,20627.52,500.0,0.0,Denied,Backed into neighbor's parked car causing bumper damage.
CLM-100210,POL-1000008,CUST-500008,Auto,2026-04-23,Comprehensive,6035.31,500.0,5535.31,Paid,Hail storm caused extensive denting on hood and roof.
CLM-100213,POL-1002894,CUST-502894,Auto,2023-08-02,Collision,7913.46,5000.0,0.0,Denied,Rear-end collision at a traffic intersection.
CLM-100212,POL-1002894,CUST-502894,Auto,2025-03-27,Collision,2887.96,5000.0,0.0,Denied,Collided with a stationary utility pole while parking.
CLM-100214,POL-1002847,CUST-502847,Auto,2023-06-07,Uninsured Motorist,2936.56,250.0,2686.56,Paid,Hit-and-run incident in a shopping mall parking structure.
CLM-100215,POL-1003664,CUST-503664,Renters,2024-08-18,Theft,6242.87,2500.0,3742.87,Paid,"Apartment burglary; laptop, tablet, and gaming console stolen."
CLM-100216,POL-1000144,CUST-500144,Home,2023-10-10,Water Damage,10601.87,250.0,10351.87,Paid,Burst pipe in the upstairs bathroom flooded the ceiling below.
CLM-100217,POL-1002104,CUST-502104,Life,2025-09-06,Death Benefit,131000.0,500.0,131000.0,Paid,Passed away due to natural causes.
CLM-100218,POL-1003143,CUST-503143,Home,2023-08-19,Wind/Hail,1576.28,250.0,1326.28,Paid,Hail storm damaged vinyl siding and cracked windows.
CLM-100219,POL-1000841,CUST-500841,Home,2026-02-16,Theft,3029.91,500.0,0.0,Denied,Porch pirate stole high-value packages delivered to front door.
CLM-100221,POL-1001128,CUST-501128,Life,2025-08-03,Death Benefit,600000.0,1000.0,0.0,Denied,Accidental death in a domestic incident.
CLM-100220,POL-1001128,CUST-501128,Life,2026-02-02,Death Benefit,600000.0,1000.0,600000.0,Paid,Passed away from complications of pneumonia.
CLM-100222,POL-1000151,CUST-500151,Auto,2025-06-26,Uninsured Motorist,7614.92,1000.0,6614.92,Paid,Hit-and-run incident in a shopping mall parking structure.
CLM-100223,POL-1003591,CUST-503591,Life,2024-10-15,Death Benefit,1493000.0,500.0,1493000.0,Paid,Fatal cardiovascular event.
CLM-100224,POL-1001052,CUST-501052,Auto,2025-11-04,Comprehensive,4288.61,1000.0,3288.61,Paid,Collided with a deer crossing the road at night.
CLM-100225,POL-1001590,CUST-501590,Renters,2024-07-11,Water Damage,880.79,5000.0,0.0,Paid,Bathtub overflow from the apartment above leaked through ceiling.
CLM-100226,POL-1003008,CUST-503008,Auto,2025-03-06,Uninsured Motorist,5959.88,1000.0,4959.88,Paid,Hit-and-run incident in a shopping mall parking structure.
CLM-100228,POL-1002029,CUST-502029,Auto,2025-06-14,Uninsured Motorist,9006.75,250.0,8756.75,Paid,Rear-ended by an uninsured driver who fled the scene.
CLM-100227,POL-1002029,CUST-502029,Auto,2025-07-29,Comprehensive,2823.3,250.0,2573.3,Paid,Windshield cracked by a rock flying from a dump truck.
CLM-100229,POL-1003418,CUST-503418,Boat,2025-10-18,Theft,17969.78,5000.0,12969.78,Paid,Fishing gear and GPS equipment stolen from locked cabin.
CLM-100230,POL-1001807,CUST-501807,Auto,2023-07-10,Collision,3615.99,500.0,3115.99,Paid,Multi-vehicle accident on wet roadway.
CLM-100231,POL-1002696,CUST-502696,Auto,2025-04-12,Comprehensive,2347.04,5000.0,0.0,Paid,Hail storm caused extensive denting on hood and roof.
CLM-100232,POL-1003039,CUST-503039,Auto,2024-12-04,Liability,9075.37,2500.0,6575.37,Paid,"Ran a stop sign and hit a bicyclist, causing minor injuries."
CLM-100233,POL-1000472,CUST-500472,Renters,2022-05-22,Fire,755.38,250.0,505.38,Paid,"Toaster oven caught fire, causing kitchen smoke damage."
CLM-100234,POL-1003289,CUST-503289,Life,2022-11-15,Death Benefit,1339000.0,250.0,1339000.0,Paid,Fatal cardiovascular event.
CLM-100235,POL-1004074,CUST-504074,Auto,2025-04-14,Comprehensive,7623.64,500.0,7123.64,Paid,Hail storm caused extensive denting on hood and roof.
CLM-100236,POL-1003496,CUST-503496,Renters,2026-02-05,Water Damage,2538.87,2500.0,38.87,Paid,Leaking pipe in the wall damaged living room furniture.
CLM-100237,POL-1000279,CUST-500279,Auto,2025-05-07,Uninsured Motorist,3026.81,2500.0,526.81,Paid,Hit-and-run incident in a shopping mall parking structure.
CLM-100239,POL-1001741,CUST-501741,Home,2024-10-25,Water Damage,5428.95,5000.0,428.95,Paid,"Water heater failed, leaking water across the laundry room floor."
CLM-100238,POL-1001741,CUST-501741,Home,2025-09-05,Wind/Hail,11149.14,5000.0,6149.14,Paid,Severe thunderstorm tore off several roof shingles.
CLM-100240,POL-1004624,CUST-504624,Life,2022-07-05,Death Benefit,443000.0,5000.0,0.0,Denied,Passed away from complications of pneumonia.
CLM-100241,POL-1002886,CUST-502886,Auto,2026-03-16,Liability,4008.8,500.0,3508.8,Paid,"Ran a stop sign and hit a bicyclist, causing minor injuries."
CLM-100242,POL-1001941,CUST-501941,Auto,2023-03-08,Liability,5071.76,5000.0,71.76,Paid,"Ran a stop sign and hit a bicyclist, causing minor injuries."
CLM-100243,POL-1001941,CUST-501941,Auto,2023-09-21,Liability,43478.29,5000.0,38478.29,Paid,"Ran a stop sign and hit a bicyclist, causing minor injuries."
CLM-100245,POL-1000100,CUST-500100,Home,2023-11-24,Water Damage,24053.89,2500.0,21553.89,Paid,Burst pipe in the upstairs bathroom flooded the ceiling below.
CLM-100244,POL-1000100,CUST-500100,Home,2024-01-15,Fire,4037.72,2500.0,1537.72,Paid,Electrical fire in the garage damaged walls and tools.
CLM-100246,POL-1002804,CUST-502804,Home,2024-12-09,Fire,500.0,250.0,250.0,Paid,Grease fire in the kitchen caused severe cabinet and smoke damage.
CLM-100247,POL-1002804,CUST-502804,Home,2025-11-25,Water Damage,20919.25,250.0,20669.25,Paid,Burst pipe in the upstairs bathroom flooded the ceiling below.
CLM-100248,POL-1003570,CUST-503570,Home,2024-06-28,Theft,610.14,250.0,360.14,Paid,Lawnmower and power tools stolen from locked backyard shed.
CLM-100249,POL-1003684,CUST-503684,Auto,2025-08-26,Liability,1678.7,2500.0,0.0,Paid,Backed into neighbor's parked car causing bumper damage.
CLM-100250,POL-1003661,CUST-503661,Auto,2024-09-06,Liability,18876.53,1000.0,17876.53,Paid,Backed into neighbor's parked car causing bumper damage.
CLM-100251,POL-1003661,CUST-503661,Auto,2024-11-30,Comprehensive,1754.09,1000.0,754.09,Paid,Collided with a deer crossing the road at night.
CLM-100252,POL-1000530,CUST-500530,Auto,2023-04-25,Comprehensive,2457.33,250.0,2207.33,Paid,Collided with a deer crossing the road at night.
CLM-100253,POL-1001886,CUST-501886,Life,2023-10-26,Death Benefit,1663000.0,500.0,1663000.0,Paid,Passed away from complications of pneumonia.
CLM-100254,POL-1000681,CUST-500681,Home,2025-09-03,Water Damage,15689.43,250.0,15439.43,Paid,"Dishwasher overflowed, damaging kitchen hardwood floors."
CLM-100255,POL-1000681,CUST-500681,Home,2026-02-25,Theft,500.0,250.0,250.0,Paid,Break-in through rear window; jewelry and electronics stolen.
CLM-100256,POL-1003794,CUST-503794,Auto,2023-09-16,Liability,1439.03,500.0,939.03,Paid,"Ran a stop sign and hit a bicyclist, causing minor injuries."
CLM-100257,POL-1003794,CUST-503794,Auto,2024-05-12,Uninsured Motorist,500.0,500.0,0.0,Paid,Hit-and-run incident in a shopping mall parking structure.
CLM-100258,POL-1003944,CUST-503944,Home,2023-04-06,Wind/Hail,42815.79,2500.0,40315.79,Paid,Hail storm damaged vinyl siding and cracked windows.
CLM-100260,POL-1004666,CUST-504666,Life,2026-01-29,Death Benefit,741000.0,250.0,741000.0,Paid,Passed away due to natural causes.
CLM-100259,POL-1004666,CUST-504666,Life,2026-02-18,Death Benefit,741000.0,250.0,741000.0,Paid,Passed away due to natural causes.
CLM-100261,POL-1002018,CUST-502018,Auto,2022-10-21,Comprehensive,3744.79,500.0,3244.79,Paid,Vehicle vandalized with spray paint in a public parking lot.
CLM-100262,POL-1001096,CUST-501096,Auto,2026-02-26,Liability,1234.17,500.0,734.17,Paid,Backed into neighbor's parked car causing bumper damage.
CLM-100263,POL-1000829,CUST-500829,Motorcycle,2023-05-02,Collision,6379.28,2500.0,3879.28,Paid,Collided with a guardrail while avoiding a sudden obstacle.
CLM-100265,POL-1002805,CUST-502805,Home,2025-07-26,Liability,7889.01,5000.0,2889.01,Paid,Family dog bit a neighbor visiting the backyard.
CLM-100264,POL-1002805,CUST-502805,Home,2026-02-06,Liability,76131.1,5000.0,71131.1,Paid,Guest tripped over a loose rug and fractured their wrist.
CLM-100266,POL-1003829,CUST-503829,Life,2023-09-03,Death Benefit,227000.0,250.0,227000.0,Paid,Passed away from complications of pneumonia.
CLM-100267,POL-1004381,CUST-504381,Auto,2023-08-01,Uninsured Motorist,6446.78,2500.0,3946.78,Paid,Hit-and-run incident in a shopping mall parking structure.
CLM-100270,POL-1003891,CUST-503891,Renters,2022-09-27,Water Damage,6016.91,250.0,5766.91,Paid,Leaking pipe in the wall damaged living room furniture.
CLM-100268,POL-1003891,CUST-503891,Renters,2023-10-02,Water Damage,901.79,250.0,651.79,Paid,Leaking pipe in the wall damaged living room furniture.
CLM-100269,POL-1003891,CUST-503891,Renters,2023-11-13,Water Damage,500.0,250.0,0.0,Denied,Leaking pipe in the wall damaged living room furniture.
CLM-100272,POL-1000764,CUST-500764,Motorcycle,2023-03-13,Collision,2807.43,1000.0,1807.43,Paid,"Lost control on gravel curve, laying down the motorcycle."
CLM-100271,POL-1000764,CUST-500764,Motorcycle,2023-10-19,Liability,5209.61,1000.0,4209.61,Paid,Passenger injured when motorcycle slid on wet leaves.
CLM-100273,POL-1002767,CUST-502767,Home,2025-03-15,Wind/Hail,15017.19,1000.0,0.0,Denied,Severe thunderstorm tore off several roof shingles.
CLM-100274,POL-1004328,CUST-504328,Home,2023-11-05,Theft,39800.31,5000.0,34800.31,Paid,Lawnmower and power tools stolen from locked backyard shed.
CLM-100276,POL-1004328,CUST-504328,Home,2024-04-01,Wind/Hail,1523.12,5000.0,0.0,Paid,Severe thunderstorm tore off several roof shingles.
CLM-100275,POL-1004328,CUST-504328,Home,2024-10-21,Liability,28529.5,5000.0,23529.5,Paid,Family dog bit a neighbor visiting the backyard.
CLM-100277,POL-1003295,CUST-503295,Motorcycle,2022-08-04,Liability,500.0,2500.0,0.0,Denied,Accidentally scraped side of a parked luxury sedan.
CLM-100278,POL-1002194,CUST-502194,Auto,2024-03-08,Uninsured Motorist,2693.86,500.0,2193.86,Paid,Rear-ended by an uninsured driver who fled the scene.
CLM-100279,POL-1002357,CUST-502357,Home,2026-01-12,Water Damage,1425.26,5000.0,0.0,Paid,"Water heater failed, leaking water across the laundry room floor."
CLM-100281,POL-1003425,CUST-503425,Auto,2025-01-06,Comprehensive,6932.75,2500.0,4432.75,Paid,Vehicle vandalized with spray paint in a public parking lot.
CLM-100280,POL-1003425,CUST-503425,Auto,2025-09-25,Comprehensive,4271.1,2500.0,1771.1,Paid,Hail storm caused extensive denting on hood and roof.
CLM-100283,POL-1003979,CUST-503979,Auto,2024-05-01,Comprehensive,6385.65,1000.0,0.0,Denied,Collided with a deer crossing the road at night.
CLM-100282,POL-1003979,CUST-503979,Auto,2024-08-15,Comprehensive,500.0,1000.0,0.0,Denied,Windshield cracked by a rock flying from a dump truck.
CLM-100284,POL-1003979,CUST-503979,Auto,2025-01-30,Liability,975.11,1000.0,0.0,Paid,"Ran a stop sign and hit a bicyclist, causing minor injuries."
CLM-100285,POL-1000911,CUST-500911,Home,2022-09-23,Theft,1308.0,1000.0,308.0,Paid,Porch pirate stole high-value packages delivered to front door.
CLM-100286,POL-1003145,CUST-503145,Auto,2025-02-21,Uninsured Motorist,7087.97,2500.0,4587.97,Paid,Hit-and-run incident in a shopping mall parking structure.
CLM-100287,POL-1000999,CUST-500999,Life,2023-03-19,Death Benefit,1194000.0,500.0,1194000.0,Paid,Accidental death in a domestic incident.
CLM-100288,POL-1003653,CUST-503653,Home,2022-04-25,Liability,24704.43,500.0,24204.43,Paid,Mail carrier slipped on icy front steps and sprained ankle.
CLM-100290,POL-1002483,CUST-502483,Home,2026-03-26,Wind/Hail,81502.74,1000.0,80502.74,Paid,Severe thunderstorm tore off several roof shingles.
CLM-100289,POL-1002483,CUST-502483,Home,2026-04-18,Fire,9823.21,1000.0,8823.21,Paid,Chimney fire caused attic and roof structure damage.
CLM-100291,POL-1004076,CUST-504076,Renters,2023-09-27,Water Damage,3984.77,1000.0,2984.77,Paid,Leaking pipe in the wall damaged living room furniture.
CLM-100292,POL-1002370,CUST-502370,Renters,2025-03-12,Fire,500.0,1000.0,0.0,Paid,Candle left unattended started a small bedroom fire.
CLM-100293,POL-1004838,CUST-504838,Auto,2024-10-16,Uninsured Motorist,2546.79,1000.0,1546.79,Paid,Hit-and-run incident in a shopping mall parking structure.
CLM-100294,POL-1004838,CUST-504838,Auto,2024-12-08,Comprehensive,3723.25,1000.0,2723.25,Paid,Hail storm caused extensive denting on hood and roof.
CLM-100295,POL-1000033,CUST-500033,Auto,2025-12-21,Uninsured Motorist,1599.57,250.0,0.0,Denied,Rear-ended by an uninsured driver who fled the scene.
CLM-100297,POL-1003789,CUST-503789,Home,2024-10-15,Fire,28156.88,250.0,27906.88,Paid,Chimney fire caused attic and roof structure damage.
CLM-100296,POL-1003789,CUST-503789,Home,2025-03-04,Fire,26408.59,250.0,26158.59,Paid,Electrical fire in the garage damaged walls and tools.
CLM-100298,POL-1001020,CUST-501020,Motorcycle,2025-06-15,Collision,500.0,500.0,0.0,Paid,Car turned left in front of motorcycle at an intersection.
CLM-100299,POL-1001647,CUST-501647,Umbrella,2022-12-03,Liability,769454.76,1000.0,768454.76,Paid,Settlement for personal injury lawsuit stemming from rental property.
CLM-100300,POL-1001647,CUST-501647,Umbrella,2023-04-11,Liability,196496.39,1000.0,195496.39,Paid,Defamation lawsuit settlement.
CLM-100301,POL-1000733,CUST-500733,Home,2023-03-11,Theft,3411.83,5000.0,0.0,Paid,Break-in through rear window; jewelry and electronics stolen.
CLM-100302,POL-1004582,CUST-504582,Auto,2023-07-29,Liability,2885.81,2500.0,385.81,Paid,"Ran a stop sign and hit a bicyclist, causing minor injuries."
CLM-100303,POL-1003274,CUST-503274,Home,2022-07-27,Theft,22230.27,250.0,0.0,Denied,Porch pirate stole high-value packages delivered to front door.
CLM-100304,POL-1001620,CUST-501620,Home,2024-06-22,Wind/Hail,6986.3,250.0,6736.3,Paid,Fallen tree limb damaged the backyard deck during a storm.
CLM-100305,POL-1003135,CUST-503135,Life,2025-08-07,Death Benefit,1747000.0,1000.0,1747000.0,Paid,Accidental death in a domestic incident.
CLM-100306,POL-1002689,CUST-502689,Home,2022-01-18,Water Damage,1791.52,1000.0,791.52,Paid,"Dishwasher overflowed, damaging kitchen hardwood floors."
CLM-100307,POL-1002707,CUST-502707,Auto,2022-04-26,Uninsured Motorist,5124.86,250.0,4874.86,Paid,Hit-and-run incident in a shopping mall parking structure.
CLM-100308,POL-1000297,CUST-500297,Auto,2025-12-28,Collision,3210.52,5000.0,0.0,Paid,Collided with a stationary utility pole while parking.
CLM-100309,POL-1002339,CUST-502339,Home,2023-07-12,Liability,5446.3,1000.0,4446.3,Paid,Mail carrier slipped on icy front steps and sprained ankle.
CLM-100310,POL-1000653,CUST-500653,Home,2025-02-23,Theft,14519.54,500.0,14019.54,Paid,Porch pirate stole high-value packages delivered to front door.
CLM-100312,POL-1003774,CUST-503774,Auto,2023-12-17,Comprehensive,1614.49,500.0,1114.49,Paid,Collided with a deer crossing the road at night.
CLM-100311,POL-1003774,CUST-503774,Auto,2024-08-24,Collision,502.91,500.0,2.91,Paid,Rear-end collision at a traffic intersection.
CLM-100313,POL-1001255,CUST-501255,Home,2025-08-09,Liability,59653.27,1000.0,58653.27,Paid,Family dog bit a neighbor visiting the backyard.
CLM-100314,POL-1004520,CUST-504520,Motorcycle,2022-11-07,Collision,2686.16,1000.0,1686.16,Paid,"Lost control on gravel curve, laying down the motorcycle."
CLM-100315,POL-1000230,CUST-500230,Umbrella,2026-04-15,Liability,127944.79,1000.0,126944.79,Under Review,Defamation lawsuit settlement.
CLM-100316,POL-1003276,CUST-503276,Life,2024-07-23,Death Benefit,1139000.0,1000.0,1139000.0,Paid,Passed away from complications of pneumonia.
CLM-100317,POL-1003230,CUST-503230,Renters,2023-01-01,Water Damage,535.84,250.0,285.84,Paid,Bathtub overflow from the apartment above leaked through ceiling.
CLM-100318,POL-1000691,CUST-500691,Renters,2025-01-15,Fire,1289.3,500.0,789.3,Paid,"Toaster oven caught fire, causing kitchen smoke damage."
CLM-100319,POL-1002754,CUST-502754,Renters,2023-09-19,Fire,3547.84,250.0,3297.84,Paid,Candle left unattended started a small bedroom fire.
CLM-100320,POL-1004863,CUST-504863,Life,2025-07-25,Death Benefit,1306000.0,250.0,1306000.0,Paid,Fatal cardiovascular event.
CLM-100321,POL-1000969,CUST-500969,Auto,2025-07-12,Liability,2804.95,2500.0,304.95,Paid,"Ran a stop sign and hit a bicyclist, causing minor injuries."
CLM-100322,POL-1000633,CUST-500633,Auto,2025-11-30,Liability,1438.95,1000.0,438.95,Paid,Backed into neighbor's parked car causing bumper damage.
CLM-100323,POL-1004092,CUST-504092,Home,2022-09-08,Fire,12142.46,500.0,11642.46,Paid,Chimney fire caused attic and roof structure damage.
CLM-100324,POL-1004092,CUST-504092,Home,2023-02-07,Theft,22538.1,500.0,22038.1,Paid,Break-in through rear window; jewelry and electronics stolen.
CLM-100325,POL-1004077,CUST-504077,Home,2026-03-31,Liability,44526.54,500.0,44026.54,Approved,Family dog bit a neighbor visiting the backyard.
CLM-100326,POL-1001321,CUST-501321,Auto,2025-06-01,Liability,11850.86,500.0,11350.86,Paid,Third-party property damage to a storefront fence.
CLM-100327,POL-1001831,CUST-501831,Boat,2023-05-30,Storm Damage,500.0,500.0,0.0,Paid,Lightning strike fried the onboard marine electronics.
CLM-100328,POL-1002178,CUST-502178,Auto,2023-06-24,Comprehensive,3921.01,2500.0,1421.01,Paid,Vehicle vandalized with spray paint in a public parking lot.
CLM-100329,POL-1001417,CUST-501417,Renters,2023-08-11,Fire,1389.93,250.0,1139.93,Paid,Candle left unattended started a small bedroom fire.
CLM-100330,POL-1001782,CUST-501782,Umbrella,2022-01-06,Liability,122265.01,2500.0,119765.01,Paid,Settlement for personal injury lawsuit stemming from rental property.
CLM-100331,POL-1004715,CUST-504715,Auto,2026-05-03,Uninsured Motorist,13190.33,250.0,12940.33,Approved,Hit-and-run incident in a shopping mall parking structure.
CLM-100332,POL-1004701,CUST-504701,Home,2024-09-19,Water Damage,500.0,2500.0,0.0,Paid,"Water heater failed, leaking water across the laundry room floor."
CLM-100333,POL-1004701,CUST-504701,Home,2026-05-04,Wind/Hail,5842.46,2500.0,3342.46,Under Review,Severe thunderstorm tore off several roof shingles.
CLM-100334,POL-1004118,CUST-504118,Auto,2026-03-25,Liability,3082.28,250.0,2832.28,Under Review,Backed into neighbor's parked car causing bumper damage.
CLM-100335,POL-1001652,CUST-501652,Auto,2023-01-10,Collision,500.0,500.0,0.0,Denied,Multi-vehicle accident on wet roadway.
CLM-100336,POL-1001483,CUST-501483,Motorcycle,2023-05-05,Liability,1645.24,250.0,1395.24,Paid,Passenger injured when motorcycle slid on wet leaves.
CLM-100337,POL-1002275,CUST-502275,Umbrella,2026-04-24,Liability,364096.24,500.0,363596.24,Under Review,Excess liability claim following a major multi-car auto accident.
CLM-100338,POL-1000877,CUST-500877,Life,2026-04-19,Death Benefit,1616000.0,2500.0,1616000.0,Paid,Passed away from complications of pneumonia.
CLM-100340,POL-1003525,CUST-503525,Renters,2026-01-18,Water Damage,500.0,250.0,250.0,Paid,Bathtub overflow from the apartment above leaked through ceiling.
CLM-100339,POL-1003525,CUST-503525,Renters,2026-02-22,Water Damage,3874.25,250.0,3624.25,Paid,Leaking pipe in the wall damaged living room furniture.
CLM-100341,POL-1002016,CUST-502016,Life,2025-08-24,Death Benefit,863000.0,1000.0,863000.0,Paid,Passed away due to natural causes.
CLM-100342,POL-1000426,CUST-500426,Auto,2022-05-09,Comprehensive,1317.92,1000.0,317.92,Paid,Collided with a deer crossing the road at night.
CLM-100343,POL-1000626,CUST-500626,Home,2025-06-18,Wind/Hail,5036.33,2500.0,0.0,Denied,Hail storm damaged vinyl siding and cracked windows.
CLM-100344,POL-1001589,CUST-501589,Auto,2024-08-25,Collision,7997.8,500.0,7497.8,Paid,Multi-vehicle accident on wet roadway.
CLM-100345,POL-1002223,CUST-502223,Boat,2023-03-05,Theft,2388.93,2500.0,0.0,Paid,Fishing gear and GPS equipment stolen from locked cabin.
CLM-100346,POL-1002217,CUST-502217,Home,2021-05-27,Wind/Hail,25269.73,1000.0,24269.73,Paid,Hail storm damaged vinyl siding and cracked windows.
CLM-100347,POL-1004483,CUST-504483,Auto,2021-07-22,Liability,5928.74,2500.0,0.0,Denied,"Ran a stop sign and hit a bicyclist, causing minor injuries."
CLM-100349,POL-1001485,CUST-501485,Renters,2023-07-20,Water Damage,1564.66,1000.0,564.66,Paid,Bathtub overflow from the apartment above leaked through ceiling.
CLM-100348,POL-1001485,CUST-501485,Renters,2024-04-12,Fire,6976.71,1000.0,5976.71,Paid,Candle left unattended started a small bedroom fire.
CLM-100350,POL-1001739,CUST-501739,Boat,2025-07-08,Theft,16081.72,500.0,15581.72,Paid,Outboard motor stolen from boat parked in driveway.
CLM-100351,POL-1002480,CUST-502480,Home,2022-03-16,Water Damage,38775.7,2500.0,0.0,Denied,Burst pipe in the upstairs bathroom flooded the ceiling below.
CLM-100352,POL-1002584,CUST-502584,Auto,2025-12-12,Uninsured Motorist,13387.15,500.0,12887.15,Paid,Rear-ended by an uninsured driver who fled the scene.
CLM-100353,POL-1002893,CUST-502893,Auto,2022-02-22,Comprehensive,5318.76,2500.0,2818.76,Paid,Vehicle vandalized with spray paint in a public parking lot.
CLM-100355,POL-1000149,CUST-500149,Umbrella,2026-01-06,Liability,47968.5,2500.0,0.0,Denied,Settlement for personal injury lawsuit stemming from rental property.
CLM-100354,POL-1000149,CUST-500149,Umbrella,2026-02-28,Liability,307558.45,2500.0,305058.45,Paid,Settlement for personal injury lawsuit stemming from rental property.
CLM-100356,POL-1000676,CUST-500676,Auto,2023-04-30,Comprehensive,15356.52,5000.0,10356.52,Paid,Windshield cracked by a rock flying from a dump truck.
CLM-100357,POL-1001261,CUST-501261,Renters,2025-03-24,Fire,4426.86,500.0,3926.86,Paid,"Toaster oven caught fire, causing kitchen smoke damage."
CLM-100358,POL-1004917,CUST-504917,Renters,2025-03-04,Water Damage,1461.41,500.0,961.41,Paid,Bathtub overflow from the apartment above leaked through ceiling.
CLM-100359,POL-1000012,CUST-500012,Auto,2022-11-02,Liability,500.0,500.0,0.0,Paid,Backed into neighbor's parked car causing bumper damage.
CLM-100360,POL-1001833,CUST-501833,Auto,2025-05-11,Uninsured Motorist,9182.07,250.0,8932.07,Paid,Rear-ended by an uninsured driver who fled the scene.
CLM-100361,POL-1003248,CUST-503248,Boat,2022-12-28,Storm Damage,30748.43,5000.0,25748.43,Paid,Lightning strike fried the onboard marine electronics.
CLM-100362,POL-1003248,CUST-503248,Boat,2023-04-27,Theft,22932.77,5000.0,17932.77,Paid,Fishing gear and GPS equipment stolen from locked cabin.
CLM-100364,POL-1001491,CUST-501491,Auto,2022-02-07,Collision,8326.61,250.0,8076.61,Paid,Multi-vehicle accident on wet roadway.
CLM-100363,POL-1001491,CUST-501491,Auto,2022-03-07,Uninsured Motorist,7287.24,250.0,7037.24,Paid,Hit-and-run incident in a shopping mall parking structure.
CLM-100365,POL-1001491,CUST-501491,Auto,2023-08-31,Comprehensive,8136.64,250.0,7886.64,Paid,Collided with a deer crossing the road at night.
CLM-100366,POL-1002727,CUST-502727,Home,2024-01-20,Water Damage,80144.17,2500.0,77644.17,Paid,"Dishwasher overflowed, damaging kitchen hardwood floors."
CLM-100367,POL-1002727,CUST-502727,Home,2024-02-05,Water Damage,2307.05,2500.0,0.0,Paid,"Dishwasher overflowed, damaging kitchen hardwood floors."
CLM-100368,POL-1003686,CUST-503686,Auto,2022-12-17,Collision,9032.03,500.0,8532.03,Paid,Sideswiped by another vehicle merging onto the highway.
CLM-100369,POL-1003686,CUST-503686,Auto,2023-12-04,Collision,4110.55,500.0,3610.55,Paid,Sideswiped by another vehicle merging onto the highway.
CLM-100370,POL-1001424,CUST-501424,Life,2024-01-13,Death Benefit,959000.0,2500.0,959000.0,Paid,Passed away from complications of pneumonia.
CLM-100372,POL-1004605,CUST-504605,Auto,2026-03-09,Comprehensive,21728.57,250.0,21478.57,Paid,Collided with a deer crossing the road at night.
CLM-100371,POL-1004605,CUST-504605,Auto,2026-03-25,Uninsured Motorist,31808.91,250.0,0.0,Denied,Rear-ended by an uninsured driver who fled the scene.
CLM-100373,POL-1004595,CUST-504595,Auto,2026-01-10,Liability,9783.49,5000.0,0.0,Denied,Backed into neighbor's parked car causing bumper damage.
CLM-100374,POL-1000731,CUST-500731,Renters,2022-08-17,Fire,1451.01,2500.0,0.0,Paid,"Toaster oven caught fire, causing kitchen smoke damage."
CLM-100375,POL-1001231,CUST-501231,Home,2023-06-18,Wind/Hail,9142.93,1000.0,8142.93,Paid,Hail storm damaged vinyl siding and cracked windows.
CLM-100376,POL-1001634,CUST-501634,Auto,2023-04-04,Comprehensive,3443.75,500.0,2943.75,Paid,Vehicle vandalized with spray paint in a public parking lot.
CLM-100377,POL-1003936,CUST-503936,Life,2022-11-02,Death Benefit,1641000.0,1000.0,1641000.0,Paid,Passed away from complications of pneumonia.
CLM-100378,POL-1001210,CUST-501210,Auto,2024-06-27,Uninsured Motorist,15930.54,250.0,15680.54,Paid,Rear-ended by an uninsured driver who fled the scene.
CLM-100379,POL-1003268,CUST-503268,Auto,2023-05-16,Collision,6990.23,500.0,0.0,Denied,Multi-vehicle accident on wet roadway.
CLM-100380,POL-1003268,CUST-503268,Auto,2023-12-15,Liability,19399.35,500.0,18899.35,Paid,Third-party property damage to a storefront fence.
CLM-100381,POL-1003268,CUST-503268,Auto,2024-01-10,Liability,500.0,500.0,0.0,Paid,Backed into neighbor's parked car causing bumper damage.
CLM-100382,POL-1001934,CUST-501934,Auto,2025-10-30,Comprehensive,1506.04,1000.0,506.04,Paid,Hail storm caused extensive denting on hood and roof.
CLM-100383,POL-1000553,CUST-500553,Auto,2025-01-17,Liability,500.0,2500.0,0.0,Paid,Third-party property damage to a storefront fence.
CLM-100384,POL-1000491,CUST-500491,Home,2025-03-16,Wind/Hail,1630.27,1000.0,630.27,Paid,Fallen tree limb damaged the backyard deck during a storm.
CLM-100385,POL-1002962,CUST-502962,Life,2022-03-31,Death Benefit,1539000.0,250.0,1539000.0,Paid,Accidental death in a domestic incident.
CLM-100387,POL-1002329,CUST-502329,Home,2025-05-19,Fire,13220.89,500.0,12720.89,Paid,Electrical fire in the garage damaged walls and tools.
CLM-100386,POL-1002329,CUST-502329,Home,2025-06-28,Water Damage,18878.89,500.0,18378.89,Paid,Burst pipe in the upstairs bathroom flooded the ceiling below.
CLM-100388,POL-1002195,CUST-502195,Auto,2024-04-02,Collision,15351.79,250.0,15101.79,Paid,Collided with a stationary utility pole while parking.
CLM-100389,POL-1002195,CUST-502195,Auto,2025-06-08,Comprehensive,1182.08,250.0,932.08,Paid,Hail storm caused extensive denting on hood and roof.
CLM-100390,POL-1003064,CUST-503064,Auto,2023-08-05,Liability,21368.82,250.0,21118.82,Paid,Third-party property damage to a storefront fence.
CLM-100391,POL-1000657,CUST-500657,Home,2026-05-01,Liability,9333.6,1000.0,8333.6,Approved,Family dog bit a neighbor visiting the backyard.
CLM-100392,POL-1002374,CUST-502374,Motorcycle,2026-02-14,Liability,500.0,1000.0,0.0,Paid,Passenger injured when motorcycle slid on wet leaves.
CLM-100393,POL-1002225,CUST-502225,Auto,2026-04-01,Collision,5211.51,1000.0,4211.51,Paid,Multi-vehicle accident on wet roadway.
CLM-100394,POL-1004264,CUST-504264,Auto,2022-06-14,Uninsured Motorist,6456.32,500.0,5956.32,Paid,Hit-and-run incident in a shopping mall parking structure.
CLM-100395,POL-1001170,CUST-501170,Auto,2025-11-26,Liability,13818.03,500.0,13318.03,Paid,Backed into neighbor's parked car causing bumper damage.
CLM-100396,POL-1000132,CUST-500132,Auto,2024-06-11,Uninsured Motorist,16712.22,2500.0,14212.22,Paid,Rear-ended by an uninsured driver who fled the scene.
CLM-100397,POL-1000471,CUST-500471,Home,2025-08-03,Wind/Hail,30567.23,500.0,30067.23,Paid,Fallen tree limb damaged the backyard deck during a storm.
CLM-100398,POL-1003225,CUST-503225,Home,2024-03-30,Liability,1895.14,500.0,1395.14,Paid,Guest tripped over a loose rug and fractured their wrist.
CLM-100399,POL-1001405,CUST-501405,Umbrella,2024-07-20,Liability,40083.81,500.0,39583.81,Paid,Settlement for personal injury lawsuit stemming from rental property.
CLM-100400,POL-1002876,CUST-502876,Auto,2022-04-12,Comprehensive,914.57,5000.0,0.0,Paid,Windshield cracked by a rock flying from a dump truck.
CLM-100401,POL-1002876,CUST-502876,Auto,2022-10-12,Collision,11098.7,5000.0,6098.7,Paid,Collided with a stationary utility pole while parking.
CLM-100402,POL-1004504,CUST-504504,Auto,2023-04-20,Collision,677.18,1000.0,0.0,Paid,Rear-end collision at a traffic intersection.
CLM-100403,POL-1004692,CUST-504692,Home,2023-09-22,Water Damage,29000.01,1000.0,28000.01,Paid,Burst pipe in the upstairs bathroom flooded the ceiling below.
CLM-100405,POL-1002826,CUST-502826,Auto,2024-05-24,Comprehensive,500.0,5000.0,0.0,Paid,Vehicle vandalized with spray paint in a public parking lot.
CLM-100404,POL-1002826,CUST-502826,Auto,2024-05-30,Comprehensive,11868.91,5000.0,6868.91,Paid,Windshield cracked by a rock flying from a dump truck.
CLM-100406,POL-1000287,CUST-500287,Home,2025-03-30,Fire,41265.33,250.0,41015.33,Paid,Grease fire in the kitchen caused severe cabinet and smoke damage.
CLM-100407,POL-1001869,CUST-501869,Auto,2025-01-18,Collision,2621.87,500.0,2121.87,Paid,Sideswiped by another vehicle merging onto the highway.
CLM-100408,POL-1003114,CUST-503114,Life,2021-08-25,Death Benefit,1211000.0,5000.0,1211000.0,Paid,Passed away from complications of pneumonia.
CLM-100409,POL-1003114,CUST-503114,Life,2021-09-09,Death Benefit,1211000.0,5000.0,1211000.0,Paid,Passed away due to natural causes.
CLM-100410,POL-1003625,CUST-503625,Umbrella,2023-10-08,Liability,114748.34,2500.0,112248.34,Paid,Settlement for personal injury lawsuit stemming from rental property.
CLM-100411,POL-1002312,CUST-502312,Auto,2024-01-04,Liability,24640.26,2500.0,22140.26,Paid,Backed into neighbor's parked car causing bumper damage.
CLM-100412,POL-1004923,CUST-504923,Auto,2024-02-02,Liability,18758.54,1000.0,17758.54,Paid,Backed into neighbor's parked car causing bumper damage.
CLM-100414,POL-1001618,CUST-501618,Life,2022-09-01,Death Benefit,1201000.0,250.0,1201000.0,Paid,Accidental death in a domestic incident.
CLM-100413,POL-1001618,CUST-501618,Life,2023-01-08,Death Benefit,1201000.0,250.0,0.0,Denied,Passed away due to natural causes.
CLM-100415,POL-1001618,CUST-501618,Life,2024-05-04,Death Benefit,1201000.0,250.0,1201000.0,Paid,Accidental death in a domestic incident.
CLM-100416,POL-1000994,CUST-500994,Renters,2025-12-23,Theft,2235.55,2500.0,0.0,Paid,"Apartment burglary; laptop, tablet, and gaming console stolen."
CLM-100417,POL-1001803,CUST-501803,Life,2025-02-15,Death Benefit,975000.0,1000.0,975000.0,Paid,Accidental death in a domestic incident.
CLM-100418,POL-1002642,CUST-502642,Renters,2026-04-06,Theft,15176.29,250.0,14926.29,Paid,"Apartment burglary; laptop, tablet, and gaming console stolen."
CLM-100419,POL-1004802,CUST-504802,Auto,2022-01-18,Uninsured Motorist,6160.94,5000.0,1160.94,Paid,Hit-and-run incident in a shopping mall parking structure.
CLM-100420,POL-1003535,CUST-503535,Boat,2022-08-30,Storm Damage,18511.28,500.0,0.0,Denied,Lightning strike fried the onboard marine electronics.
CLM-100421,POL-1004831,CUST-504831,Auto,2022-03-28,Collision,8967.29,5000.0,3967.29,Paid,Sideswiped by another vehicle merging onto the highway.
CLM-100423,POL-1003911,CUST-503911,Renters,2026-04-29,Fire,1579.78,1000.0,579.78,Under Review,"Toaster oven caught fire, causing kitchen smoke damage."
CLM-100422,POL-1003911,CUST-503911,Renters,2026-05-06,Theft,5062.44,1000.0,4062.44,Under Review,"Apartment burglary; laptop, tablet, and gaming console stolen."
CLM-100424,POL-1002107,CUST-502107,Auto,2024-02-26,Liability,500.0,1000.0,0.0,Paid,"Ran a stop sign and hit a bicyclist, causing minor injuries."
CLM-100425,POL-1002107,CUST-502107,Auto,2024-04-29,Uninsured Motorist,1010.5,1000.0,10.5,Paid,Rear-ended by an uninsured driver who fled the scene.
CLM-100426,POL-1003044,CUST-503044,Auto,2023-04-01,Collision,10711.64,250.0,10461.64,Paid,Collided with a stationary utility pole while parking.
CLM-100427,POL-1000416,CUST-500416,Auto,2024-01-15,Uninsured Motorist,5275.4,5000.0,275.4,Paid,Rear-ended by an uninsured driver who fled the scene.
CLM-100428,POL-1000977,CUST-500977,Home,2023-05-15,Fire,45261.47,500.0,44761.47,Paid,Electrical fire in the garage damaged walls and tools.
CLM-100429,POL-1002417,CUST-502417,Renters,2025-10-20,Fire,6497.83,1000.0,0.0,Denied,Candle left unattended started a small bedroom fire.
CLM-100430,POL-1000505,CUST-500505,Auto,2022-06-02,Uninsured Motorist,5604.73,500.0,5104.73,Paid,Hit-and-run incident in a shopping mall parking structure.
CLM-100433,POL-1004152,CUST-504152,Home,2022-04-08,Wind/Hail,5400.28,1000.0,4400.28,Paid,Hail storm damaged vinyl siding and cracked windows.
CLM-100431,POL-1004152,CUST-504152,Home,2023-03-22,Fire,35115.22,1000.0,34115.22,Paid,Grease fire in the kitchen caused severe cabinet and smoke damage.
CLM-100432,POL-1004152,CUST-504152,Home,2024-06-13,Wind/Hail,22425.77,1000.0,21425.77,Paid,Severe thunderstorm tore off several roof shingles.
CLM-100434,POL-1004255,CUST-504255,Auto,2024-07-28,Liability,8507.32,500.0,8007.32,Paid,Backed into neighbor's parked car causing bumper damage.
CLM-100435,POL-1004255,CUST-504255,Auto,2025-11-11,Collision,8709.99,500.0,8209.99,Paid,Sideswiped by another vehicle merging onto the highway.
CLM-100436,POL-1003941,CUST-503941,Home,2023-11-08,Wind/Hail,39391.44,1000.0,38391.44,Paid,Hail storm damaged vinyl siding and cracked windows.
CLM-100437,POL-1000414,CUST-500414,Motorcycle,2025-11-01,Liability,21085.69,250.0,20835.69,Paid,Accidentally scraped side of a parked luxury sedan.
CLM-100438,POL-1004148,CUST-504148,Auto,2023-06-15,Liability,27950.7,2500.0,25450.7,Paid,Third-party property damage to a storefront fence.
CLM-100439,POL-1001183,CUST-501183,Home,2026-03-06,Fire,47920.55,500.0,47420.55,Paid,Grease fire in the kitchen caused severe cabinet and smoke damage.
CLM-100440,POL-1000485,CUST-500485,Boat,2026-03-30,Theft,10508.28,5000.0,5508.28,Paid,Outboard motor stolen from boat parked in driveway.
CLM-100441,POL-1000893,CUST-500893,Auto,2023-05-01,Uninsured Motorist,7745.75,250.0,7495.75,Paid,Rear-ended by an uninsured driver who fled the scene.
CLM-100442,POL-1000805,CUST-500805,Umbrella,2022-11-20,Liability,219133.28,5000.0,214133.28,Paid,Defamation lawsuit settlement.
CLM-100443,POL-1000555,CUST-500555,Auto,2025-12-09,Collision,4786.81,5000.0,0.0,Paid,Sideswiped by another vehicle merging onto the highway.
CLM-100444,POL-1003825,CUST-503825,Auto,2026-04-12,Comprehensive,13986.88,1000.0,12986.88,Paid,Hail storm caused extensive denting on hood and roof.
CLM-100445,POL-1001197,CUST-501197,Home,2023-02-20,Liability,42915.01,2500.0,40415.01,Paid,Guest tripped over a loose rug and fractured their wrist.
CLM-100446,POL-1001197,CUST-501197,Home,2024-06-28,Wind/Hail,27823.31,2500.0,0.0,Denied,Severe thunderstorm tore off several roof shingles.
CLM-100447,POL-1004253,CUST-504253,Auto,2022-10-29,Liability,13934.93,500.0,13434.93,Paid,"Ran a stop sign and hit a bicyclist, causing minor injuries."
CLM-100448,POL-1004058,CUST-504058,Life,2024-08-01,Death Benefit,1074000.0,500.0,1074000.0,Paid,Fatal cardiovascular event.
CLM-100449,POL-1001293,CUST-501293,Life,2023-01-15,Death Benefit,1828000.0,2500.0,0.0,Denied,Passed away due to natural causes.
CLM-100450,POL-1002221,CUST-502221,Auto,2023-11-18,Collision,6648.16,500.0,0.0,Denied,Rear-end collision at a traffic intersection.
CLM-100451,POL-1003504,CUST-503504,Home,2024-10-31,Water Damage,18668.05,250.0,18418.05,Paid,"Water heater failed, leaking water across the laundry room floor."
CLM-100452,POL-1003654,CUST-503654,Life,2024-05-21,Death Benefit,1966000.0,500.0,1966000.0,Paid,Passed away from complications of pneumonia.
CLM-100453,POL-1004758,CUST-504758,Motorcycle,2023-07-10,Comprehensive,4477.45,1000.0,3477.45,Paid,Motorcycle stolen from apartment complex parking lot.
CLM-100454,POL-1003006,CUST-503006,Auto,2024-08-23,Collision,4263.31,1000.0,3263.31,Paid,Rear-end collision at a traffic intersection.
CLM-100455,POL-1002093,CUST-502093,Home,2023-10-03,Water Damage,1875.55,1000.0,875.55,Paid,"Dishwasher overflowed, damaging kitchen hardwood floors."
CLM-100456,POL-1002187,CUST-502187,Auto,2023-08-27,Collision,10336.23,250.0,10086.23,Paid,Sideswiped by another vehicle merging onto the highway.
CLM-100457,POL-1002187,CUST-502187,Auto,2025-11-10,Uninsured Motorist,728.78,250.0,478.78,Paid,Hit-and-run incident in a shopping mall parking structure.
CLM-100458,POL-1003036,CUST-503036,Auto,2024-03-26,Uninsured Motorist,1856.03,2500.0,0.0,Paid,Hit-and-run incident in a shopping mall parking structure.
CLM-100459,POL-1003918,CUST-503918,Auto,2025-11-24,Collision,15119.77,1000.0,14119.77,Paid,Sideswiped by another vehicle merging onto the highway.
CLM-100460,POL-1001272,CUST-501272,Home,2024-10-12,Wind/Hail,41826.25,500.0,41326.25,Paid,Hail storm damaged vinyl siding and cracked windows.
CLM-100461,POL-1000290,CUST-500290,Home,2025-09-14,Liability,21123.07,500.0,20623.07,Paid,Family dog bit a neighbor visiting the backyard.
CLM-100462,POL-1004827,CUST-504827,Life,2025-08-13,Death Benefit,776000.0,250.0,776000.0,Paid,Passed away due to natural causes.
CLM-100463,POL-1000252,CUST-500252,Auto,2023-09-10,Uninsured Motorist,2654.39,2500.0,154.39,Paid,Rear-ended by an uninsured driver who fled the scene.
CLM-100464,POL-1003245,CUST-503245,Home,2025-03-04,Water Damage,32628.9,250.0,32378.9,Paid,"Water heater failed, leaking water across the laundry room floor."
CLM-100465,POL-1003245,CUST-503245,Home,2025-06-17,Water Damage,22868.11,250.0,22618.11,Paid,"Water heater failed, leaking water across the laundry room floor."
CLM-100467,POL-1000350,CUST-500350,Auto,2022-06-22,Uninsured Motorist,5577.37,5000.0,577.37,Paid,Hit-and-run incident in a shopping mall parking structure.
CLM-100466,POL-1000350,CUST-500350,Auto,2022-11-14,Liability,976.49,5000.0,0.0,Paid,Backed into neighbor's parked car causing bumper damage.
CLM-100468,POL-1001187,CUST-501187,Home,2025-02-01,Water Damage,1401.35,5000.0,0.0,Paid,"Water heater failed, leaking water across the laundry room floor."
CLM-100469,POL-1001961,CUST-501961,Auto,2024-09-03,Comprehensive,1952.68,500.0,1452.68,Paid,Collided with a deer crossing the road at night.
CLM-100470,POL-1000422,CUST-500422,Home,2022-06-21,Theft,16705.73,1000.0,15705.73,Paid,Porch pirate stole high-value packages delivered to front door.
CLM-100471,POL-1000090,CUST-500090,Auto,2026-03-30,Uninsured Motorist,7830.45,1000.0,6830.45,Paid,Rear-ended by an uninsured driver who fled the scene.
CLM-100472,POL-1003729,CUST-503729,Umbrella,2024-08-31,Liability,373736.39,250.0,373486.39,Paid,Settlement for personal injury lawsuit stemming from rental property.
CLM-100473,POL-1002236,CUST-502236,Home,2025-12-20,Theft,14090.64,2500.0,11590.64,Paid,Porch pirate stole high-value packages delivered to front door.
CLM-100474,POL-1000670,CUST-500670,Auto,2025-05-31,Uninsured Motorist,12728.88,500.0,12228.88,Paid,Hit-and-run incident in a shopping mall parking structure.
CLM-100475,POL-1003040,CUST-503040,Life,2022-10-02,Death Benefit,1567000.0,500.0,1567000.0,Paid,Passed away due to natural causes.
CLM-100476,POL-1003040,CUST-503040,Life,2023-12-06,Death Benefit,1567000.0,500.0,1567000.0,Paid,Accidental death in a domestic incident.
CLM-100477,POL-1003040,CUST-503040,Life,2025-12-22,Death Benefit,1567000.0,500.0,1567000.0,Paid,Passed away due to natural causes.
CLM-100478,POL-1000026,CUST-500026,Home,2025-12-10,Wind/Hail,1048.38,250.0,798.38,Paid,Severe thunderstorm tore off several roof shingles.
CLM-100479,POL-1000429,CUST-500429,Auto,2025-05-08,Uninsured Motorist,500.0,500.0,0.0,Paid,Rear-ended by an uninsured driver who fled the scene.
CLM-100480,POL-1000683,CUST-500683,Auto,2023-09-15,Liability,7005.44,1000.0,6005.44,Paid,Third-party property damage to a storefront fence.
CLM-100481,POL-1004463,CUST-504463,Home,2026-01-27,Water Damage,16362.31,250.0,16112.31,Paid,"Water heater failed, leaking water across the laundry room floor."
CLM-100482,POL-1003945,CUST-503945,Auto,2024-02-16,Collision,957.87,250.0,707.87,Paid,Rear-end collision at a traffic intersection.
CLM-100483,POL-1003523,CUST-503523,Auto,2025-09-30,Comprehensive,500.0,2500.0,0.0,Paid,Collided with a deer crossing the road at night.
CLM-100484,POL-1001541,CUST-501541,Renters,2025-01-17,Water Damage,3031.65,2500.0,531.65,Paid,Leaking pipe in the wall damaged living room furniture.
CLM-100485,POL-1002031,CUST-502031,Renters,2022-04-09,Theft,6551.4,500.0,6051.4,Paid,"Apartment burglary; laptop, tablet, and gaming console stolen."
CLM-100488,POL-1002232,CUST-502232,Auto,2023-05-06,Uninsured Motorist,5722.66,1000.0,4722.66,Paid,Hit-and-run incident in a shopping mall parking structure.
CLM-100486,POL-1002232,CUST-502232,Auto,2023-06-16,Comprehensive,6136.67,1000.0,5136.67,Paid,Vehicle vandalized with spray paint in a public parking lot.
CLM-100487,POL-1002232,CUST-502232,Auto,2023-12-10,Comprehensive,9132.3,1000.0,8132.3,Paid,Windshield cracked by a rock flying from a dump truck.
CLM-100489,POL-1004120,CUST-504120,Home,2023-07-11,Liability,558.33,250.0,308.33,Paid,Family dog bit a neighbor visiting the backyard.
CLM-100490,POL-1003235,CUST-503235,Auto,2023-11-22,Liability,3924.2,1000.0,2924.2,Paid,Third-party property damage to a storefront fence.
CLM-100491,POL-1000254,CUST-500254,Home,2024-05-11,Water Damage,48616.55,250.0,0.0,Denied,"Water heater failed, leaking water across the laundry room floor."
CLM-100492,POL-1001029,CUST-501029,Renters,2023-06-20,Fire,4827.45,2500.0,2327.45,Paid,"Toaster oven caught fire, causing kitchen smoke damage."
CLM-100493,POL-1004392,CUST-504392,Home,2023-12-14,Fire,9255.33,500.0,0.0,Denied,Electrical fire in the garage damaged walls and tools.
CLM-100494,POL-1003800,CUST-503800,Auto,2025-01-18,Collision,5501.36,2500.0,3001.36,Paid,Sideswiped by another vehicle merging onto the highway.
CLM-100495,POL-1004310,CUST-504310,Life,2023-08-29,Death Benefit,1227000.0,2500.0,1227000.0,Paid,Passed away from complications of pneumonia.
CLM-100496,POL-1002509,CUST-502509,Auto,2025-08-13,Uninsured Motorist,3154.12,1000.0,2154.12,Paid,Rear-ended by an uninsured driver who fled the scene.
CLM-100497,POL-1002292,CUST-502292,Home,2023-06-01,Fire,21921.9,2500.0,19421.9,Paid,Electrical fire in the garage damaged walls and tools.
CLM-100498,POL-1001323,CUST-501323,Home,2025-09-29,Wind/Hail,2200.69,1000.0,1200.69,Paid,Fallen tree limb damaged the backyard deck during a storm.
CLM-100499,POL-1001323,CUST-501323,Home,2026-05-07,Theft,28515.91,1000.0,27515.91,Under Review,Lawnmower and power tools stolen from locked backyard shed.
CLM-100500,POL-1001550,CUST-501550,Home,2023-04-09,Liability,33664.14,500.0,33164.14,Paid,Guest tripped over a loose rug and fractured their wrist.
CLM-100501,POL-1001550,CUST-501550,Home,2024-02-26,Wind/Hail,3170.46,500.0,2670.46,Paid,Hail storm damaged vinyl siding and cracked windows.
CLM-100502,POL-1004647,CUST-504647,Auto,2024-01-06,Comprehensive,5839.77,500.0,5339.77,Paid,Collided with a deer crossing the road at night.
CLM-100504,POL-1000315,CUST-500315,Renters,2023-01-11,Fire,5369.01,1000.0,4369.01,Paid,Candle left unattended started a small bedroom fire.
CLM-100503,POL-1000315,CUST-500315,Renters,2023-10-16,Fire,4874.12,1000.0,0.0,Denied,Candle left unattended started a small bedroom fire.
CLM-100505,POL-1001242,CUST-501242,Home,2025-12-03,Wind/Hail,29784.02,2500.0,27284.02,Paid,Fallen tree limb damaged the backyard deck during a storm.
CLM-100506,POL-1002450,CUST-502450,Auto,2022-06-28,Comprehensive,6078.11,500.0,5578.11,Paid,Windshield cracked by a rock flying from a dump truck.
CLM-100507,POL-1001578,CUST-501578,Home,2022-03-01,Theft,39242.37,250.0,38992.37,Paid,Lawnmower and power tools stolen from locked backyard shed.
CLM-100508,POL-1004625,CUST-504625,Umbrella,2026-03-28,Liability,8852.72,250.0,8602.72,Approved,Settlement for personal injury lawsuit stemming from rental property.
CLM-100509,POL-1003116,CUST-503116,Home,2024-05-08,Fire,31100.6,500.0,30600.6,Paid,Electrical fire in the garage damaged walls and tools.
CLM-100510,POL-1000069,CUST-500069,Auto,2024-06-04,Liability,1060.09,500.0,560.09,Paid,Third-party property damage to a storefront fence.
CLM-100511,POL-1000859,CUST-500859,Auto,2024-12-27,Liability,1624.62,5000.0,0.0,Paid,Backed into neighbor's parked car causing bumper damage.
CLM-100512,POL-1002753,CUST-502753,Home,2023-03-22,Wind/Hail,626.92,250.0,376.92,Paid,Fallen tree limb damaged the backyard deck during a storm.
CLM-100513,POL-1001632,CUST-501632,Home,2025-02-09,Theft,8199.98,250.0,7949.98,Paid,Lawnmower and power tools stolen from locked backyard shed.
CLM-100514,POL-1001650,CUST-501650,Life,2024-04-07,Death Benefit,1550000.0,2500.0,1550000.0,Paid,Passed away from complications of pneumonia.
CLM-100515,POL-1003860,CUST-503860,Auto,2024-05-14,Comprehensive,11912.63,5000.0,6912.63,Paid,Collided with a deer crossing the road at night.
CLM-100516,POL-1003106,CUST-503106,Auto,2024-10-14,Uninsured Motorist,15503.6,5000.0,10503.6,Paid,Rear-ended by an uninsured driver who fled the scene.
CLM-100518,POL-1001074,CUST-501074,Motorcycle,2024-10-06,Liability,15671.01,1000.0,14671.01,Paid,Accidentally scraped side of a parked luxury sedan.
CLM-100517,POL-1001074,CUST-501074,Motorcycle,2024-12-18,Liability,1030.13,1000.0,30.13,Paid,Passenger injured when motorcycle slid on wet leaves.
CLM-100519,POL-1004001,CUST-504001,Auto,2026-04-23,Comprehensive,10319.04,2500.0,7819.04,Paid,Windshield cracked by a rock flying from a dump truck.
CLM-100521,POL-1000787,CUST-500787,Life,2023-08-23,Death Benefit,428000.0,250.0,428000.0,Paid,Passed away from complications of pneumonia.
CLM-100520,POL-1000787,CUST-500787,Life,2025-05-27,Death Benefit,428000.0,250.0,428000.0,Paid,Passed away from complications of pneumonia.
CLM-100522,POL-1002605,CUST-502605,Auto,2025-10-29,Comprehensive,500.0,500.0,0.0,Paid,Collided with a deer crossing the road at night.
CLM-100523,POL-1003630,CUST-503630,Renters,2023-07-19,Theft,1569.85,2500.0,0.0,Paid,"Apartment burglary; laptop, tablet, and gaming console stolen."
CLM-100524,POL-1002121,CUST-502121,Life,2024-04-19,Death Benefit,755000.0,5000.0,755000.0,Paid,Passed away due to natural causes.
CLM-100525,POL-1001874,CUST-501874,Auto,2023-04-27,Collision,4893.65,2500.0,2393.65,Paid,Rear-end collision at a traffic intersection.
CLM-100527,POL-1000811,CUST-500811,Auto,2024-05-21,Comprehensive,14949.16,1000.0,13949.16,Paid,Vehicle vandalized with spray paint in a public parking lot.
CLM-100526,POL-1000811,CUST-500811,Auto,2025-05-30,Comprehensive,11095.26,1000.0,10095.26,Paid,Hail storm caused extensive denting on hood and roof.
CLM-100528,POL-1000387,CUST-500387,Auto,2026-03-27,Comprehensive,14080.99,5000.0,9080.99,Paid,Hail storm caused extensive denting on hood and roof.
CLM-100529,POL-1002882,CUST-502882,Motorcycle,2025-05-24,Comprehensive,4394.84,2500.0,1894.84,Paid,Motorcycle stolen from apartment complex parking lot.
CLM-100531,POL-1002882,CUST-502882,Motorcycle,2025-12-15,Liability,3378.88,2500.0,878.88,Paid,Accidentally scraped side of a parked luxury sedan.
CLM-100530,POL-1002882,CUST-502882,Motorcycle,2026-04-13,Liability,3602.75,2500.0,1102.75,Paid,Passenger injured when motorcycle slid on wet leaves.
CLM-100532,POL-1001175,CUST-501175,Auto,2023-08-11,Comprehensive,23027.59,1000.0,22027.59,Paid,Vehicle vandalized with spray paint in a public parking lot.
CLM-100533,POL-1003197,CUST-503197,Renters,2025-12-23,Fire,1998.63,250.0,1748.63,Paid,Candle left unattended started a small bedroom fire.
CLM-100534,POL-1002623,CUST-502623,Motorcycle,2025-03-21,Liability,2974.64,1000.0,1974.64,Paid,Accidentally scraped side of a parked luxury sedan.
CLM-100535,POL-1002623,CUST-502623,Motorcycle,2025-06-25,Comprehensive,3017.62,1000.0,2017.62,Paid,Motorcycle stolen from apartment complex parking lot.
CLM-100537,POL-1001351,CUST-501351,Renters,2024-05-28,Theft,20001.87,1000.0,19001.87,Paid,"Apartment burglary; laptop, tablet, and gaming console stolen."
CLM-100536,POL-1001351,CUST-501351,Renters,2024-11-19,Water Damage,1052.52,1000.0,52.52,Paid,Bathtub overflow from the apartment above leaked through ceiling.
CLM-100538,POL-1000410,CUST-500410,Motorcycle,2023-07-17,Collision,5088.78,2500.0,2588.78,Paid,Collided with a guardrail while avoiding a sudden obstacle.
CLM-100539,POL-1004212,CUST-504212,Life,2026-02-07,Death Benefit,419000.0,1000.0,419000.0,Paid,Passed away due to natural causes.
CLM-100540,POL-1000109,CUST-500109,Auto,2026-04-15,Collision,2740.42,500.0,2240.42,Approved,Sideswiped by another vehicle merging onto the highway.
CLM-100541,POL-1004995,CUST-504995,Home,2025-08-14,Water Damage,4650.99,5000.0,0.0,Paid,"Water heater failed, leaking water across the laundry room floor."
CLM-100542,POL-1003429,CUST-503429,Home,2024-05-25,Liability,3006.2,500.0,2506.2,Paid,Mail carrier slipped on icy front steps and sprained ankle.
CLM-100543,POL-1002809,CUST-502809,Home,2022-01-17,Wind/Hail,4496.09,5000.0,0.0,Paid,Severe thunderstorm tore off several roof shingles.
CLM-100544,POL-1002594,CUST-502594,Auto,2023-05-15,Liability,1990.96,1000.0,990.96,Paid,Backed into neighbor's parked car causing bumper damage.
CLM-100545,POL-1002836,CUST-502836,Home,2024-10-31,Wind/Hail,34835.07,5000.0,0.0,Denied,Hail storm damaged vinyl siding and cracked windows.
CLM-100546,POL-1002372,CUST-502372,Motorcycle,2025-03-12,Comprehensive,5327.39,500.0,4827.39,Paid,Motorcycle blown over and damaged during a windstorm.
CLM-100547,POL-1001235,CUST-501235,Home,2025-01-05,Wind/Hail,500.0,250.0,250.0,Paid,Hail storm damaged vinyl siding and cracked windows.
CLM-100549,POL-1002146,CUST-502146,Auto,2023-08-21,Liability,10969.03,250.0,10719.03,Paid,Backed into neighbor's parked car causing bumper damage.
CLM-100548,POL-1002146,CUST-502146,Auto,2023-10-24,Collision,3395.46,250.0,3145.46,Paid,Sideswiped by another vehicle merging onto the highway.
CLM-100550,POL-1004975,CUST-504975,Life,2022-08-17,Death Benefit,628000.0,250.0,628000.0,Paid,Passed away from complications of pneumonia.
CLM-100551,POL-1000599,CUST-500599,Home,2024-01-08,Water Damage,31755.88,2500.0,29255.88,Paid,"Dishwasher overflowed, damaging kitchen hardwood floors."
CLM-100552,POL-1001434,CUST-501434,Home,2025-08-14,Theft,46603.55,500.0,46103.55,Paid,Porch pirate stole high-value packages delivered to front door.
CLM-100553,POL-1004996,CUST-504996,Auto,2023-08-04,Collision,4118.31,1000.0,3118.31,Paid,Rear-end collision at a traffic intersection.
CLM-100554,POL-1000538,CUST-500538,Auto,2024-10-11,Comprehensive,1346.0,500.0,846.0,Paid,Vehicle vandalized with spray paint in a public parking lot.
CLM-100555,POL-1000721,CUST-500721,Auto,2026-04-18,Uninsured Motorist,9520.43,5000.0,0.0,Denied,Rear-ended by an uninsured driver who fled the scene.
CLM-100557,POL-1004410,CUST-504410,Auto,2025-03-09,Collision,4679.07,1000.0,3679.07,Paid,Collided with a stationary utility pole while parking.
CLM-100556,POL-1004410,CUST-504410,Auto,2025-08-27,Comprehensive,4786.72,1000.0,3786.72,Paid,Collided with a deer crossing the road at night.
CLM-100558,POL-1004410,CUST-504410,Auto,2026-01-08,Uninsured Motorist,1845.43,1000.0,0.0,Denied,Rear-ended by an uninsured driver who fled the scene.
CLM-100559,POL-1001872,CUST-501872,Auto,2021-11-21,Uninsured Motorist,34038.17,2500.0,31538.17,Paid,Rear-ended by an uninsured driver who fled the scene.
CLM-100561,POL-1002845,CUST-502845,Home,2025-03-22,Water Damage,12037.05,250.0,11787.05,Paid,"Water heater failed, leaking water across the laundry room floor."
CLM-100560,POL-1002845,CUST-502845,Home,2026-04-26,Liability,9564.65,250.0,9314.65,Under Review,Guest tripped over a loose rug and fractured their wrist.
CLM-100562,POL-1002053,CUST-502053,Home,2026-01-05,Wind/Hail,17598.39,1000.0,16598.39,Paid,Fallen tree limb damaged the backyard deck during a storm.
CLM-100563,POL-1002907,CUST-502907,Auto,2022-08-24,Comprehensive,7765.69,2500.0,5265.69,Paid,Hail storm caused extensive denting on hood and roof.
CLM-100565,POL-1002254,CUST-502254,Life,2022-10-10,Death Benefit,205000.0,500.0,205000.0,Paid,Accidental death in a domestic incident.
CLM-100564,POL-1002254,CUST-502254,Life,2023-06-12,Death Benefit,205000.0,500.0,205000.0,Paid,Passed away from complications of pneumonia.
CLM-100566,POL-1002254,CUST-502254,Life,2025-01-11,Death Benefit,205000.0,500.0,205000.0,Paid,Accidental death in a domestic incident.
CLM-100568,POL-1003912,CUST-503912,Renters,2022-11-23,Theft,3960.85,250.0,3710.85,Paid,Bicycle stolen from the apartment complex bike rack.
CLM-100567,POL-1003912,CUST-503912,Renters,2022-12-02,Fire,500.0,250.0,250.0,Paid,Candle left unattended started a small bedroom fire.
CLM-100569,POL-1000177,CUST-500177,Home,2026-03-29,Wind/Hail,64315.54,500.0,0.0,Denied,Fallen tree limb damaged the backyard deck during a storm.
CLM-100570,POL-1002890,CUST-502890,Auto,2025-11-07,Liability,2149.19,2500.0,0.0,Paid,Backed into neighbor's parked car causing bumper damage.
CLM-100571,POL-1003673,CUST-503673,Auto,2021-10-19,Liability,2219.29,1000.0,1219.29,Paid,Third-party property damage to a storefront fence.
CLM-100574,POL-1000080,CUST-500080,Auto,2024-01-14,Collision,2185.13,2500.0,0.0,Paid,Multi-vehicle accident on wet roadway.
CLM-100572,POL-1000080,CUST-500080,Auto,2024-04-27,Comprehensive,20059.34,2500.0,17559.34,Paid,Hail storm caused extensive denting on hood and roof.
CLM-100573,POL-1000080,CUST-500080,Auto,2024-10-27,Uninsured Motorist,3309.75,2500.0,809.75,Paid,Rear-ended by an uninsured driver who fled the scene.
CLM-100575,POL-1002561,CUST-502561,Auto,2022-12-04,Liability,15203.9,250.0,14953.9,Paid,Backed into neighbor's parked car causing bumper damage.
CLM-100576,POL-1001723,CUST-501723,Boat,2025-11-18,Collision,15901.84,500.0,15401.84,Paid,"Collided with a floating log in the lake, damaging the hull."
CLM-100577,POL-1001617,CUST-501617,Auto,2022-10-16,Liability,5374.64,2500.0,2874.64,Paid,Third-party property damage to a storefront fence.
CLM-100578,POL-1001654,CUST-501654,Auto,2025-09-03,Uninsured Motorist,2759.03,2500.0,0.0,Denied,Hit-and-run incident in a shopping mall parking structure.
CLM-100579,POL-1002328,CUST-502328,Auto,2022-07-28,Comprehensive,2731.41,5000.0,0.0,Paid,Collided with a deer crossing the road at night.
CLM-100580,POL-1004613,CUST-504613,Home,2025-01-28,Wind/Hail,3145.84,500.0,0.0,Denied,Fallen tree limb damaged the backyard deck during a storm.
CLM-100581,POL-1000221,CUST-500221,Auto,2025-10-01,Liability,6887.15,2500.0,4387.15,Paid,Backed into neighbor's parked car causing bumper damage.
CLM-100582,POL-1000221,CUST-500221,Auto,2025-10-20,Uninsured Motorist,500.0,2500.0,0.0,Paid,Hit-and-run incident in a shopping mall parking structure.
CLM-100584,POL-1000093,CUST-500093,Auto,2025-08-06,Comprehensive,7041.54,500.0,6541.54,Paid,Hail storm caused extensive denting on hood and roof.
CLM-100583,POL-1000093,CUST-500093,Auto,2025-09-27,Uninsured Motorist,645.2,500.0,145.2,Paid,Hit-and-run incident in a shopping mall parking structure.
CLM-100586,POL-1002609,CUST-502609,Auto,2026-01-10,Liability,5673.38,1000.0,4673.38,Paid,Backed into neighbor's parked car causing bumper damage.
CLM-100585,POL-1002609,CUST-502609,Auto,2026-04-09,Uninsured Motorist,1123.84,1000.0,123.84,Paid,Hit-and-run incident in a shopping mall parking structure.
CLM-100587,POL-1003382,CUST-503382,Auto,2026-03-04,Collision,5780.44,2500.0,3280.44,Paid,Multi-vehicle accident on wet roadway.
CLM-100588,POL-1004415,CUST-504415,Auto,2022-06-29,Comprehensive,3566.8,250.0,3316.8,Paid,Collided with a deer crossing the road at night.
CLM-100589,POL-1001397,CUST-501397,Renters,2022-05-24,Theft,2344.81,2500.0,0.0,Denied,"Apartment burglary; laptop, tablet, and gaming console stolen."
CLM-100590,POL-1004686,CUST-504686,Home,2024-04-14,Fire,16131.01,250.0,15881.01,Paid,Electrical fire in the garage damaged walls and tools.
CLM-100591,POL-1001292,CUST-501292,Auto,2024-01-22,Uninsured Motorist,15939.72,1000.0,0.0,Denied,Rear-ended by an uninsured driver who fled the scene.
CLM-100592,POL-1002164,CUST-502164,Auto,2025-02-11,Liability,942.62,2500.0,0.0,Paid,"Ran a stop sign and hit a bicyclist, causing minor injuries."
CLM-100593,POL-1002939,CUST-502939,Umbrella,2022-11-05,Liability,310737.28,1000.0,309737.28,Paid,Defamation lawsuit settlement.
CLM-100594,POL-1003668,CUST-503668,Renters,2025-10-23,Fire,500.0,1000.0,0.0,Paid,Candle left unattended started a small bedroom fire.
CLM-100595,POL-1000812,CUST-500812,Auto,2025-01-28,Uninsured Motorist,4109.26,1000.0,3109.26,Paid,Hit-and-run incident in a shopping mall parking structure.
CLM-100597,POL-1001258,CUST-501258,Motorcycle,2026-01-22,Collision,1352.31,5000.0,0.0,Paid,Collided with a guardrail while avoiding a sudden obstacle.
CLM-100596,POL-1001258,CUST-501258,Motorcycle,2026-03-25,Liability,7365.44,5000.0,2365.44,Paid,Passenger injured when motorcycle slid on wet leaves.
CLM-100598,POL-1000889,CUST-500889,Auto,2025-07-13,Collision,28973.02,5000.0,23973.02,Paid,Collided with a stationary utility pole while parking.
CLM-100599,POL-1001451,CUST-501451,Auto,2024-10-12,Comprehensive,626.3,1000.0,0.0,Paid,Collided with a deer crossing the road at night.
CLM-100600,POL-1003316,CUST-503316,Auto,2024-12-22,Uninsured Motorist,500.0,5000.0,0.0,Paid,Rear-ended by an uninsured driver who fled the scene.
CLM-100601,POL-1003316,CUST-503316,Auto,2025-04-25,Comprehensive,3194.64,5000.0,0.0,Paid,Hail storm caused extensive denting on hood and roof.
CLM-100602,POL-1002559,CUST-502559,Home,2024-03-14,Fire,7350.85,500.0,6850.85,Paid,Electrical fire in the garage damaged walls and tools.
CLM-100603,POL-1003574,CUST-503574,Renters,2025-05-12,Theft,2948.82,250.0,2698.82,Paid,"Apartment burglary; laptop, tablet, and gaming console stolen."
CLM-100606,POL-1002680,CUST-502680,Auto,2025-01-20,Collision,500.0,1000.0,0.0,Paid,Collided with a stationary utility pole while parking.
CLM-100605,POL-1002680,CUST-502680,Auto,2025-08-13,Liability,660.21,1000.0,0.0,Paid,Backed into neighbor's parked car causing bumper damage.
CLM-100604,POL-1002680,CUST-502680,Auto,2026-03-22,Liability,8082.85,1000.0,7082.85,Paid,"Ran a stop sign and hit a bicyclist, causing minor injuries."
CLM-100607,POL-1004651,CUST-504651,Auto,2025-02-09,Uninsured Motorist,21969.27,500.0,21469.27,Paid,Rear-ended by an uninsured driver who fled the scene.
CLM-100608,POL-1004811,CUST-504811,Home,2025-11-13,Fire,20634.71,5000.0,15634.71,Paid,Chimney fire caused attic and roof structure damage.
CLM-100609,POL-1004679,CUST-504679,Umbrella,2024-04-22,Liability,126049.51,500.0,125549.51,Paid,Defamation lawsuit settlement.
CLM-100612,POL-1002964,CUST-502964,Motorcycle,2025-02-08,Comprehensive,4677.9,1000.0,0.0,Denied,Motorcycle blown over and damaged during a windstorm.
CLM-100611,POL-1002964,CUST-502964,Motorcycle,2025-04-14,Collision,16767.92,1000.0,15767.92,Paid,"Lost control on gravel curve, laying down the motorcycle."
CLM-100610,POL-1002964,CUST-502964,Motorcycle,2025-05-28,Liability,2021.93,1000.0,1021.93,Paid,Accidentally scraped side of a parked luxury sedan.
CLM-100613,POL-1002672,CUST-502672,Renters,2022-12-01,Theft,10694.52,250.0,10444.52,Paid,Bicycle stolen from the apartment complex bike rack.
CLM-100614,POL-1000561,CUST-500561,Auto,2026-04-22,Collision,17690.33,2500.0,15190.33,Approved,Sideswiped by another vehicle merging onto the highway.
CLM-100615,POL-1002778,CUST-502778,Home,2025-02-27,Water Damage,9801.22,2500.0,0.0,Denied,"Dishwasher overflowed, damaging kitchen hardwood floors."
CLM-100616,POL-1002948,CUST-502948,Home,2023-05-10,Fire,30860.93,2500.0,28360.93,Paid,Chimney fire caused attic and roof structure damage.
CLM-100617,POL-1002948,CUST-502948,Home,2023-08-21,Wind/Hail,42952.29,2500.0,40452.29,Paid,Severe thunderstorm tore off several roof shingles.
CLM-100618,POL-1002817,CUST-502817,Auto,2025-07-31,Comprehensive,10474.72,2500.0,7974.72,Paid,Hail storm caused extensive denting on hood and roof.
CLM-100619,POL-1002758,CUST-502758,Life,2022-11-23,Death Benefit,418000.0,500.0,418000.0,Paid,Passed away from complications of pneumonia.
CLM-100620,POL-1001756,CUST-501756,Auto,2026-04-21,Comprehensive,16302.18,250.0,16052.18,Paid,Windshield cracked by a rock flying from a dump truck.
CLM-100621,POL-1000724,CUST-500724,Motorcycle,2024-01-11,Comprehensive,3493.54,5000.0,0.0,Paid,Motorcycle stolen from apartment complex parking lot.
CLM-100622,POL-1000219,CUST-500219,Home,2026-03-13,Liability,39519.12,5000.0,34519.12,Paid,Family dog bit a neighbor visiting the backyard.
CLM-100624,POL-1004139,CUST-504139,Auto,2021-11-09,Collision,7536.89,5000.0,0.0,Denied,Multi-vehicle accident on wet roadway.
CLM-100623,POL-1004139,CUST-504139,Auto,2021-12-26,Collision,9108.1,5000.0,4108.1,Paid,Collided with a stationary utility pole while parking.
CLM-100625,POL-1003957,CUST-503957,Life,2024-09-27,Death Benefit,57000.0,1000.0,57000.0,Paid,Fatal cardiovascular event.
CLM-100626,POL-1003957,CUST-503957,Life,2024-12-23,Death Benefit,57000.0,1000.0,57000.0,Paid,Fatal cardiovascular event.
CLM-100627,POL-1001588,CUST-501588,Auto,2025-10-21,Collision,11048.81,250.0,10798.81,Paid,Rear-end collision at a traffic intersection.
CLM-100629,POL-1003347,CUST-503347,Home,2022-11-30,Water Damage,53557.5,2500.0,51057.5,Paid,"Water heater failed, leaking water across the laundry room floor."
CLM-100628,POL-1003347,CUST-503347,Home,2023-05-30,Water Damage,78000.18,2500.0,75500.18,Paid,"Water heater failed, leaking water across the laundry room floor."
CLM-100630,POL-1003970,CUST-503970,Life,2025-09-01,Death Benefit,845000.0,2500.0,845000.0,Paid,Passed away from complications of pneumonia.
CLM-100631,POL-1004707,CUST-504707,Auto,2022-10-10,Liability,14915.27,1000.0,13915.27,Paid,Backed into neighbor's parked car causing bumper damage.
CLM-100632,POL-1000043,CUST-500043,Auto,2025-12-16,Liability,876.34,2500.0,0.0,Paid,Backed into neighbor's parked car causing bumper damage.
CLM-100633,POL-1003001,CUST-503001,Home,2025-06-20,Fire,27565.75,500.0,27065.75,Paid,Chimney fire caused attic and roof structure damage.
CLM-100634,POL-1000210,CUST-500210,Home,2023-05-03,Wind/Hail,42482.84,500.0,41982.84,Paid,Fallen tree limb damaged the backyard deck during a storm.
CLM-100635,POL-1000210,CUST-500210,Home,2023-06-27,Water Damage,56518.42,500.0,56018.42,Paid,"Dishwasher overflowed, damaging kitchen hardwood floors."
CLM-100636,POL-1000677,CUST-500677,Auto,2022-09-01,Comprehensive,500.0,500.0,0.0,Paid,Vehicle vandalized with spray paint in a public parking lot.
CLM-100637,POL-1000354,CUST-500354,Life,2025-05-25,Death Benefit,1485000.0,250.0,1485000.0,Paid,Passed away due to natural causes.
CLM-100638,POL-1001433,CUST-501433,Auto,2022-11-24,Collision,9779.54,500.0,9279.54,Paid,Rear-end collision at a traffic intersection.
CLM-100640,POL-1000949,CUST-500949,Life,2025-09-26,Death Benefit,932000.0,250.0,932000.0,Paid,Passed away due to natural causes.
CLM-100639,POL-1000949,CUST-500949,Life,2025-11-01,Death Benefit,932000.0,250.0,932000.0,Paid,Fatal cardiovascular event.
CLM-100641,POL-1002843,CUST-502843,Auto,2025-05-14,Liability,1607.76,250.0,1357.76,Paid,Third-party property damage to a storefront fence.
CLM-100642,POL-1000577,CUST-500577,Renters,2021-10-24,Fire,500.0,500.0,0.0,Paid,Candle left unattended started a small bedroom fire.
CLM-100643,POL-1000577,CUST-500577,Renters,2022-05-08,Fire,4249.27,500.0,3749.27,Paid,"Toaster oven caught fire, causing kitchen smoke damage."
CLM-100644,POL-1003928,CUST-503928,Auto,2024-07-03,Collision,4784.29,2500.0,0.0,Denied,Rear-end collision at a traffic intersection.
CLM-100645,POL-1000544,CUST-500544,Auto,2025-05-18,Uninsured Motorist,3938.23,2500.0,1438.23,Paid,Hit-and-run incident in a shopping mall parking structure.
CLM-100646,POL-1000367,CUST-500367,Auto,2024-07-13,Uninsured Motorist,6963.19,5000.0,1963.19,Paid,Rear-ended by an uninsured driver who fled the scene.
CLM-100647,POL-1001612,CUST-501612,Home,2022-09-25,Liability,22882.11,500.0,22382.11,Paid,Mail carrier slipped on icy front steps and sprained ankle.
CLM-100648,POL-1003550,CUST-503550,Auto,2023-04-23,Liability,9372.64,5000.0,4372.64,Paid,Third-party property damage to a storefront fence.
CLM-100649,POL-1003716,CUST-503716,Boat,2026-05-05,Storm Damage,32975.02,500.0,32475.02,Under Review,Lightning strike fried the onboard marine electronics.
CLM-100650,POL-1003779,CUST-503779,Auto,2023-12-20,Liability,2482.39,250.0,2232.39,Paid,Third-party property damage to a storefront fence.
CLM-100651,POL-1000135,CUST-500135,Life,2024-05-04,Death Benefit,1723000.0,250.0,1723000.0,Paid,Passed away from complications of pneumonia.
CLM-100652,POL-1004480,CUST-504480,Home,2025-05-01,Theft,3740.62,500.0,3240.62,Paid,Break-in through rear window; jewelry and electronics stolen.
CLM-100653,POL-1004480,CUST-504480,Home,2025-05-14,Theft,1227.49,500.0,0.0,Denied,Break-in through rear window; jewelry and electronics stolen.
CLM-100654,POL-1001437,CUST-501437,Home,2026-01-26,Wind/Hail,500.0,500.0,0.0,Paid,Severe thunderstorm tore off several roof shingles.
CLM-100655,POL-1000047,CUST-500047,Home,2025-11-18,Theft,37781.16,2500.0,35281.16,Paid,Porch pirate stole high-value packages delivered to front door.
CLM-100656,POL-1001360,CUST-501360,Home,2024-01-09,Water Damage,38583.26,500.0,38083.26,Paid,Burst pipe in the upstairs bathroom flooded the ceiling below.
CLM-100657,POL-1000734,CUST-500734,Auto,2025-06-18,Liability,15174.11,1000.0,14174.11,Paid,Backed into neighbor's parked car causing bumper damage.
CLM-100658,POL-1001534,CUST-501534,Auto,2025-09-27,Uninsured Motorist,500.0,1000.0,0.0,Paid,Hit-and-run incident in a shopping mall parking structure.
CLM-100660,POL-1002004,CUST-502004,Boat,2025-11-03,Collision,17432.39,5000.0,12432.39,Paid,Scraped against the dock wall during high winds.
CLM-100659,POL-1002004,CUST-502004,Boat,2026-03-05,Storm Damage,4891.51,5000.0,0.0,Paid,Lightning strike fried the onboard marine electronics.
CLM-100661,POL-1002004,CUST-502004,Boat,2026-03-07,Storm Damage,8103.6,5000.0,3103.6,Paid,Boat filled with water and sank at its slip during a heavy storm.
CLM-100663,POL-1003795,CUST-503795,Auto,2025-09-05,Liability,571.35,250.0,321.35,Paid,"Ran a stop sign and hit a bicyclist, causing minor injuries."
CLM-100662,POL-1003795,CUST-503795,Auto,2025-11-29,Liability,9044.41,250.0,8794.41,Paid,Backed into neighbor's parked car causing bumper damage.
CLM-100664,POL-1002519,CUST-502519,Auto,2023-03-27,Uninsured Motorist,2344.07,2500.0,0.0,Paid,Hit-and-run incident in a shopping mall parking structure.
CLM-100665,POL-1001972,CUST-501972,Auto,2023-10-02,Collision,10052.36,5000.0,5052.36,Paid,Rear-end collision at a traffic intersection.
CLM-100667,POL-1000996,CUST-500996,Renters,2023-10-29,Fire,2846.35,1000.0,1846.35,Paid,"Toaster oven caught fire, causing kitchen smoke damage."
CLM-100666,POL-1000996,CUST-500996,Renters,2024-01-04,Theft,5126.46,1000.0,4126.46,Paid,Bicycle stolen from the apartment complex bike rack.
CLM-100668,POL-1000061,CUST-500061,Auto,2023-10-22,Uninsured Motorist,16419.96,250.0,16169.96,Paid,Rear-ended by an uninsured driver who fled the scene.
CLM-100669,POL-1000061,CUST-500061,Auto,2025-04-11,Comprehensive,4701.59,250.0,4451.59,Paid,Collided with a deer crossing the road at night.
CLM-100670,POL-1001108,CUST-501108,Life,2025-06-30,Death Benefit,1027000.0,5000.0,1027000.0,Paid,Passed away due to natural causes.
CLM-100671,POL-1002405,CUST-502405,Home,2023-04-23,Liability,14151.02,5000.0,9151.02,Paid,Family dog bit a neighbor visiting the backyard.
CLM-100672,POL-1000095,CUST-500095,Home,2025-09-06,Liability,500.0,2500.0,0.0,Paid,Guest tripped over a loose rug and fractured their wrist.
CLM-100673,POL-1000478,CUST-500478,Life,2026-02-05,Death Benefit,825000.0,1000.0,825000.0,Paid,Fatal cardiovascular event.
CLM-100674,POL-1004359,CUST-504359,Renters,2021-12-04,Fire,19815.21,1000.0,18815.21,Paid,"Toaster oven caught fire, causing kitchen smoke damage."
CLM-100675,POL-1004112,CUST-504112,Life,2022-12-09,Death Benefit,1460000.0,1000.0,1460000.0,Paid,Fatal cardiovascular event.
CLM-100676,POL-1003707,CUST-503707,Home,2025-05-18,Liability,14682.95,5000.0,9682.95,Paid,Guest tripped over a loose rug and fractured their wrist.
CLM-100677,POL-1003707,CUST-503707,Home,2025-08-30,Liability,49550.87,5000.0,44550.87,Paid,Mail carrier slipped on icy front steps and sprained ankle.
CLM-100678,POL-1001101,CUST-501101,Auto,2022-06-12,Collision,19240.81,500.0,18740.81,Paid,Collided with a stationary utility pole while parking.
CLM-100680,POL-1001101,CUST-501101,Auto,2023-02-09,Uninsured Motorist,6732.87,500.0,6232.87,Paid,Rear-ended by an uninsured driver who fled the scene.
CLM-100679,POL-1001101,CUST-501101,Auto,2023-05-20,Liability,500.0,500.0,0.0,Paid,"Ran a stop sign and hit a bicyclist, causing minor injuries."
CLM-100681,POL-1002746,CUST-502746,Auto,2022-07-09,Comprehensive,4043.91,250.0,3793.91,Paid,Collided with a deer crossing the road at night.
CLM-100682,POL-1002170,CUST-502170,Auto,2024-04-16,Liability,500.0,1000.0,0.0,Paid,Backed into neighbor's parked car causing bumper damage.
CLM-100683,POL-1000322,CUST-500322,Umbrella,2023-04-15,Liability,192136.77,500.0,191636.77,Paid,Defamation lawsuit settlement.
CLM-100684,POL-1004254,CUST-504254,Auto,2024-08-03,Uninsured Motorist,10026.98,1000.0,9026.98,Paid,Hit-and-run incident in a shopping mall parking structure.
CLM-100685,POL-1003142,CUST-503142,Renters,2023-01-30,Theft,2386.03,1000.0,1386.03,Paid,Bicycle stolen from the apartment complex bike rack.
CLM-100686,POL-1003537,CUST-503537,Auto,2022-08-07,Collision,1064.72,5000.0,0.0,Paid,Multi-vehicle accident on wet roadway.
CLM-100687,POL-1003537,CUST-503537,Auto,2022-12-14,Liability,500.0,5000.0,0.0,Paid,Third-party property damage to a storefront fence.
CLM-100688,POL-1004925,CUST-504925,Auto,2026-05-08,Collision,2830.06,250.0,2580.06,Under Review,Multi-vehicle accident on wet roadway.
CLM-100689,POL-1002924,CUST-502924,Auto,2023-03-29,Comprehensive,2900.67,5000.0,0.0,Paid,Windshield cracked by a rock flying from a dump truck.
CLM-100690,POL-1001149,CUST-501149,Life,2024-08-13,Death Benefit,1397000.0,250.0,1397000.0,Paid,Fatal cardiovascular event.
CLM-100691,POL-1003617,CUST-503617,Auto,2023-10-03,Uninsured Motorist,4619.27,5000.0,0.0,Paid,Rear-ended by an uninsured driver who fled the scene.
CLM-100692,POL-1000291,CUST-500291,Auto,2026-05-07,Comprehensive,11577.74,5000.0,6577.74,Under Review,Windshield cracked by a rock flying from a dump truck.
CLM-100694,POL-1003749,CUST-503749,Home,2022-01-20,Theft,2228.11,1000.0,1228.11,Paid,Lawnmower and power tools stolen from locked backyard shed.
CLM-100693,POL-1003749,CUST-503749,Home,2025-02-27,Wind/Hail,7252.35,1000.0,6252.35,Paid,Severe thunderstorm tore off several roof shingles.
CLM-100695,POL-1003586,CUST-503586,Auto,2022-07-27,Comprehensive,2813.93,2500.0,313.93,Paid,Hail storm caused extensive denting on hood and roof.
CLM-100696,POL-1000533,CUST-500533,Renters,2026-02-24,Theft,27834.08,250.0,27584.08,Paid,Bicycle stolen from the apartment complex bike rack.
CLM-100697,POL-1003607,CUST-503607,Auto,2022-07-04,Uninsured Motorist,7036.49,500.0,6536.49,Paid,Rear-ended by an uninsured driver who fled the scene.
CLM-100698,POL-1002648,CUST-502648,Life,2022-02-18,Death Benefit,779000.0,250.0,779000.0,Paid,Passed away from complications of pneumonia.
CLM-100699,POL-1004810,CUST-504810,Auto,2024-12-12,Uninsured Motorist,19322.9,1000.0,18322.9,Paid,Hit-and-run incident in a shopping mall parking structure.
CLM-100700,POL-1001983,CUST-501983,Home,2025-12-14,Water Damage,33898.86,1000.0,32898.86,Paid,"Water heater failed, leaking water across the laundry room floor."
CLM-100701,POL-1002932,CUST-502932,Life,2024-02-16,Death Benefit,103000.0,250.0,103000.0,Paid,Passed away from complications of pneumonia.
CLM-100702,POL-1001536,CUST-501536,Home,2023-12-21,Liability,14712.44,5000.0,9712.44,Paid,Family dog bit a neighbor visiting the backyard.
CLM-100703,POL-1004534,CUST-504534,Life,2023-12-24,Death Benefit,615000.0,250.0,615000.0,Paid,Passed away from complications of pneumonia.
CLM-100705,POL-1004172,CUST-504172,Life,2025-05-24,Death Benefit,139000.0,500.0,139000.0,Paid,Fatal cardiovascular event.
CLM-100704,POL-1004172,CUST-504172,Life,2026-02-15,Death Benefit,139000.0,500.0,0.0,Denied,Fatal cardiovascular event.
CLM-100706,POL-1003360,CUST-503360,Home,2022-08-06,Theft,21225.85,5000.0,0.0,Denied,Lawnmower and power tools stolen from locked backyard shed.
CLM-100708,POL-1003665,CUST-503665,Motorcycle,2022-08-17,Comprehensive,4365.35,2500.0,1865.35,Paid,Motorcycle blown over and damaged during a windstorm.
CLM-100707,POL-1003665,CUST-503665,Motorcycle,2023-03-16,Comprehensive,1309.38,2500.0,0.0,Paid,Fuel tank dented and seat slashed while parked overnight.
CLM-100709,POL-1004005,CUST-504005,Home,2026-03-14,Liability,26548.85,1000.0,0.0,Denied,Family dog bit a neighbor visiting the backyard.
CLM-100710,POL-1003626,CUST-503626,Auto,2026-02-26,Liability,2018.62,5000.0,0.0,Paid,Backed into neighbor's parked car causing bumper damage.
CLM-100711,POL-1000586,CUST-500586,Home,2026-03-05,Wind/Hail,547.08,2500.0,0.0,Paid,Hail storm damaged vinyl siding and cracked windows.
CLM-100712,POL-1003256,CUST-503256,Renters,2023-09-02,Theft,8458.6,1000.0,7458.6,Paid,Bicycle stolen from the apartment complex bike rack.
CLM-100713,POL-1002298,CUST-502298,Life,2024-01-04,Death Benefit,1294000.0,2500.0,1294000.0,Paid,Accidental death in a domestic incident.
CLM-100714,POL-1003988,CUST-503988,Home,2022-06-17,Water Damage,34837.46,500.0,34337.46,Paid,"Dishwasher overflowed, damaging kitchen hardwood floors."
CLM-100715,POL-1003988,CUST-503988,Home,2022-08-14,Liability,5977.51,500.0,5477.51,Paid,Guest tripped over a loose rug and fractured their wrist.
CLM-100716,POL-1000584,CUST-500584,Home,2026-04-13,Water Damage,22454.89,2500.0,19954.89,Paid,Burst pipe in the upstairs bathroom flooded the ceiling below.
CLM-100718,POL-1002423,CUST-502423,Home,2025-07-30,Water Damage,73380.14,1000.0,72380.14,Paid,Burst pipe in the upstairs bathroom flooded the ceiling below.
CLM-100717,POL-1002423,CUST-502423,Home,2025-08-13,Water Damage,15572.91,1000.0,14572.91,Paid,Burst pipe in the upstairs bathroom flooded the ceiling below.
CLM-100719,POL-1001391,CUST-501391,Auto,2021-07-16,Uninsured Motorist,21444.92,250.0,21194.92,Paid,Hit-and-run incident in a shopping mall parking structure.
CLM-100721,POL-1004525,CUST-504525,Auto,2026-02-17,Comprehensive,13581.36,5000.0,8581.36,Paid,Windshield cracked by a rock flying from a dump truck.
CLM-100720,POL-1004525,CUST-504525,Auto,2026-03-08,Uninsured Motorist,31725.44,5000.0,26725.44,Paid,Rear-ended by an uninsured driver who fled the scene.
CLM-100722,POL-1004920,CUST-504920,Life,2026-02-28,Death Benefit,1120000.0,500.0,1120000.0,Paid,Accidental death in a domestic incident.
CLM-100723,POL-1004800,CUST-504800,Home,2025-11-28,Theft,10503.75,5000.0,5503.75,Paid,Lawnmower and power tools stolen from locked backyard shed.
CLM-100724,POL-1003240,CUST-503240,Life,2025-06-21,Death Benefit,1674000.0,500.0,1674000.0,Paid,Passed away from complications of pneumonia.
CLM-100725,POL-1004281,CUST-504281,Auto,2026-03-13,Collision,10062.81,2500.0,0.0,Denied,Rear-end collision at a traffic intersection.
CLM-100728,POL-1003338,CUST-503338,Auto,2022-09-17,Uninsured Motorist,6803.28,500.0,6303.28,Paid,Hit-and-run incident in a shopping mall parking structure.
CLM-100727,POL-1003338,CUST-503338,Auto,2022-11-27,Uninsured Motorist,10679.53,500.0,10179.53,Paid,Rear-ended by an uninsured driver who fled the scene.
CLM-100726,POL-1003338,CUST-503338,Auto,2023-07-29,Comprehensive,5449.42,500.0,4949.42,Paid,Windshield cracked by a rock flying from a dump truck.
CLM-100730,POL-1003220,CUST-503220,Auto,2025-05-20,Liability,8909.65,1000.0,7909.65,Paid,Third-party property damage to a storefront fence.
CLM-100729,POL-1003220,CUST-503220,Auto,2025-08-19,Liability,3470.05,1000.0,2470.05,Paid,Backed into neighbor's parked car causing bumper damage.
CLM-100731,POL-1002111,CUST-502111,Life,2026-04-02,Death Benefit,461000.0,5000.0,461000.0,Paid,Passed away from complications of pneumonia.
CLM-100732,POL-1001174,CUST-501174,Home,2023-03-07,Theft,31888.97,2500.0,29388.97,Paid,Porch pirate stole high-value packages delivered to front door.
CLM-100733,POL-1004862,CUST-504862,Renters,2025-04-09,Water Damage,3997.39,500.0,3497.39,Paid,Bathtub overflow from the apartment above leaked through ceiling.
CLM-100734,POL-1003811,CUST-503811,Auto,2022-06-10,Uninsured Motorist,9210.74,500.0,8710.74,Paid,Hit-and-run incident in a shopping mall parking structure.
CLM-100735,POL-1001867,CUST-501867,Auto,2021-12-14,Collision,16298.2,2500.0,13798.2,Paid,Sideswiped by another vehicle merging onto the highway.
CLM-100736,POL-1002614,CUST-502614,Renters,2022-03-08,Water Damage,11810.39,2500.0,9310.39,Paid,Bathtub overflow from the apartment above leaked through ceiling.
CLM-100737,POL-1003866,CUST-503866,Auto,2025-12-21,Liability,5963.02,2500.0,3463.02,Paid,Third-party property damage to a storefront fence.
CLM-100738,POL-1004885,CUST-504885,Home,2025-08-12,Wind/Hail,159705.54,2500.0,157205.54,Paid,Fallen tree limb damaged the backyard deck during a storm.
CLM-100739,POL-1003778,CUST-503778,Life,2022-06-18,Death Benefit,1584000.0,250.0,0.0,Denied,Fatal cardiovascular event.
CLM-100740,POL-1003846,CUST-503846,Auto,2024-07-05,Uninsured Motorist,4649.11,2500.0,2149.11,Paid,Hit-and-run incident in a shopping mall parking structure.
CLM-100742,POL-1003846,CUST-503846,Auto,2025-02-21,Collision,9290.92,2500.0,6790.92,Paid,Collided with a stationary utility pole while parking.
CLM-100741,POL-1003846,CUST-503846,Auto,2025-06-18,Liability,14581.03,2500.0,12081.03,Paid,Backed into neighbor's parked car causing bumper damage.
CLM-100743,POL-1002416,CUST-502416,Home,2025-12-05,Theft,8344.82,1000.0,7344.82,Paid,Lawnmower and power tools stolen from locked backyard shed.
CLM-100744,POL-1000070,CUST-500070,Boat,2022-08-14,Collision,21359.26,1000.0,20359.26,Paid,Scraped against the dock wall during high winds.
CLM-100745,POL-1004880,CUST-504880,Home,2025-11-20,Water Damage,17978.83,250.0,17728.83,Paid,"Water heater failed, leaking water across the laundry room floor."
CLM-100746,POL-1001126,CUST-501126,Umbrella,2024-06-09,Liability,138292.12,500.0,137792.12,Paid,Settlement for personal injury lawsuit stemming from rental property.
CLM-100747,POL-1004024,CUST-504024,Auto,2023-07-06,Collision,587.38,500.0,87.38,Paid,Sideswiped by another vehicle merging onto the highway.
CLM-100748,POL-1004024,CUST-504024,Auto,2023-08-11,Liability,13252.02,500.0,12752.02,Paid,Third-party property damage to a storefront fence.
CLM-100749,POL-1003250,CUST-503250,Auto,2024-08-04,Collision,24015.13,5000.0,19015.13,Paid,Rear-end collision at a traffic intersection.
CLM-100750,POL-1003901,CUST-503901,Life,2024-09-30,Death Benefit,1406000.0,1000.0,1406000.0,Paid,Fatal cardiovascular event.
CLM-100751,POL-1001095,CUST-501095,Auto,2025-09-30,Liability,24621.92,500.0,24121.92,Paid,Third-party property damage to a storefront fence.
CLM-100752,POL-1004545,CUST-504545,Life,2025-11-08,Death Benefit,1773000.0,250.0,1773000.0,Paid,Passed away from complications of pneumonia.
CLM-100753,POL-1004545,CUST-504545,Life,2026-03-15,Death Benefit,1773000.0,250.0,1773000.0,Paid,Fatal cardiovascular event.
CLM-100754,POL-1001212,CUST-501212,Home,2026-05-07,Theft,1231.83,500.0,731.83,Under Review,Break-in through rear window; jewelry and electronics stolen.
CLM-100755,POL-1003921,CUST-503921,Home,2025-08-30,Liability,63503.26,5000.0,0.0,Denied,Family dog bit a neighbor visiting the backyard.
CLM-100756,POL-1001425,CUST-501425,Auto,2025-12-20,Uninsured Motorist,1866.62,250.0,1616.62,Paid,Rear-ended by an uninsured driver who fled the scene.
CLM-100757,POL-1003066,CUST-503066,Home,2023-06-23,Liability,56363.11,500.0,55863.11,Paid,Mail carrier slipped on icy front steps and sprained ankle.
CLM-100758,POL-1004519,CUST-504519,Auto,2024-09-16,Uninsured Motorist,14303.43,250.0,14053.43,Paid,Hit-and-run incident in a shopping mall parking structure.
CLM-100760,POL-1002100,CUST-502100,Home,2021-06-24,Liability,500.0,500.0,0.0,Denied,Guest tripped over a loose rug and fractured their wrist.
CLM-100759,POL-1002100,CUST-502100,Home,2021-07-02,Liability,65782.17,500.0,65282.17,Paid,Mail carrier slipped on icy front steps and sprained ankle.
CLM-100761,POL-1000807,CUST-500807,Auto,2025-05-12,Comprehensive,500.0,2500.0,0.0,Paid,Vehicle vandalized with spray paint in a public parking lot.
CLM-100762,POL-1000807,CUST-500807,Auto,2025-09-17,Uninsured Motorist,4897.04,2500.0,2397.04,Paid,Rear-ended by an uninsured driver who fled the scene.
CLM-100764,POL-1004743,CUST-504743,Auto,2025-04-11,Uninsured Motorist,1841.56,1000.0,841.56,Paid,Rear-ended by an uninsured driver who fled the scene.
CLM-100763,POL-1004743,CUST-504743,Auto,2026-02-07,Comprehensive,1751.89,1000.0,0.0,Denied,Hail storm caused extensive denting on hood and roof.
CLM-100765,POL-1003750,CUST-503750,Motorcycle,2024-05-08,Collision,5522.5,1000.0,4522.5,Paid,Collided with a guardrail while avoiding a sudden obstacle.
CLM-100766,POL-1001362,CUST-501362,Home,2025-04-09,Theft,18395.41,2500.0,15895.41,Paid,Porch pirate stole high-value packages delivered to front door.
CLM-100767,POL-1002317,CUST-502317,Renters,2021-10-21,Water Damage,6821.77,1000.0,5821.77,Paid,Bathtub overflow from the apartment above leaked through ceiling.
CLM-100768,POL-1004581,CUST-504581,Renters,2024-11-15,Water Damage,2892.65,500.0,2392.65,Paid,Leaking pipe in the wall damaged living room furniture.
CLM-100769,POL-1004741,CUST-504741,Renters,2022-07-03,Fire,2202.99,5000.0,0.0,Paid,Candle left unattended started a small bedroom fire.
CLM-100770,POL-1001025,CUST-501025,Auto,2025-06-17,Collision,14661.59,1000.0,13661.59,Paid,Rear-end collision at a traffic intersection.
CLM-100771,POL-1003109,CUST-503109,Auto,2024-10-13,Liability,2162.4,5000.0,0.0,Paid,Third-party property damage to a storefront fence.
CLM-100772,POL-1002110,CUST-502110,Umbrella,2024-02-25,Liability,68332.13,2500.0,65832.13,Paid,Excess liability claim following a major multi-car auto accident.
CLM-100773,POL-1001041,CUST-501041,Auto,2025-08-20,Collision,500.0,1000.0,0.0,Paid,Sideswiped by another vehicle merging onto the highway.
CLM-100774,POL-1001876,CUST-501876,Home,2025-02-19,Water Damage,4724.52,1000.0,3724.52,Paid,Burst pipe in the upstairs bathroom flooded the ceiling below.
CLM-100775,POL-1000881,CUST-500881,Auto,2024-09-15,Uninsured Motorist,1212.09,500.0,712.09,Paid,Hit-and-run incident in a shopping mall parking structure.
CLM-100776,POL-1004299,CUST-504299,Auto,2026-03-30,Uninsured Motorist,1621.08,500.0,1121.08,Under Review,Hit-and-run incident in a shopping mall parking structure.
CLM-100777,POL-1001192,CUST-501192,Life,2025-11-11,Death Benefit,1702000.0,2500.0,1702000.0,Paid,Fatal cardiovascular event.
CLM-100778,POL-1004587,CUST-504587,Home,2024-12-29,Fire,3533.53,500.0,3033.53,Paid,Grease fire in the kitchen caused severe cabinet and smoke damage.
CLM-100779,POL-1004510,CUST-504510,Auto,2024-03-08,Uninsured Motorist,2024.83,1000.0,1024.83,Paid,Rear-ended by an uninsured driver who fled the scene.
CLM-100780,POL-1003670,CUST-503670,Home,2024-09-02,Wind/Hail,14870.88,2500.0,12370.88,Paid,Severe thunderstorm tore off several roof shingles.
CLM-100781,POL-1003670,CUST-503670,Home,2024-10-10,Theft,6139.48,2500.0,3639.48,Paid,Porch pirate stole high-value packages delivered to front door.
CLM-100782,POL-1000624,CUST-500624,Auto,2025-07-27,Uninsured Motorist,828.19,2500.0,0.0,Paid,Hit-and-run incident in a shopping mall parking structure.
CLM-100783,POL-1002796,CUST-502796,Renters,2024-07-17,Theft,12216.36,250.0,11966.36,Paid,Bicycle stolen from the apartment complex bike rack.
CLM-100784,POL-1002796,CUST-502796,Renters,2025-03-12,Theft,3913.87,250.0,3663.87,Paid,Bicycle stolen from the apartment complex bike rack.
CLM-100785,POL-1004291,CUST-504291,Home,2024-02-10,Wind/Hail,7916.82,2500.0,5416.82,Paid,Severe thunderstorm tore off several roof shingles.
CLM-100786,POL-1004291,CUST-504291,Home,2024-10-09,Theft,4435.18,2500.0,1935.18,Paid,Porch pirate stole high-value packages delivered to front door.
CLM-100787,POL-1004968,CUST-504968,Auto,2021-11-26,Comprehensive,12537.27,250.0,12287.27,Paid,Vehicle vandalized with spray paint in a public parking lot.
CLM-100788,POL-1000233,CUST-500233,Life,2022-07-11,Death Benefit,1557000.0,500.0,1557000.0,Paid,Passed away due to natural causes.
CLM-100789,POL-1004566,CUST-504566,Auto,2024-11-15,Collision,18273.75,1000.0,0.0,Denied,Collided with a stationary utility pole while parking.
CLM-100791,POL-1001662,CUST-501662,Auto,2026-03-29,Comprehensive,500.0,5000.0,0.0,Paid,Vehicle vandalized with spray paint in a public parking lot.
CLM-100790,POL-1001662,CUST-501662,Auto,2026-05-06,Collision,16233.2,5000.0,11233.2,Under Review,Multi-vehicle accident on wet roadway.
CLM-100792,POL-1001662,CUST-501662,Auto,2026-05-08,Collision,19498.54,5000.0,14498.54,Under Review,Collided with a stationary utility pole while parking.
CLM-100793,POL-1000415,CUST-500415,Home,2024-08-07,Fire,40932.57,500.0,40432.57,Paid,Grease fire in the kitchen caused severe cabinet and smoke damage.
CLM-100794,POL-1004246,CUST-504246,Life,2026-04-07,Death Benefit,1624000.0,500.0,1624000.0,Paid,Passed away from complications of pneumonia.
CLM-100795,POL-1002173,CUST-502173,Renters,2024-12-30,Fire,500.0,500.0,0.0,Paid,Candle left unattended started a small bedroom fire.
CLM-100796,POL-1001456,CUST-501456,Home,2025-08-14,Water Damage,111614.53,2500.0,109114.53,Paid,"Water heater failed, leaking water across the laundry room floor."
CLM-100797,POL-1000746,CUST-500746,Auto,2025-12-03,Liability,10604.61,2500.0,8104.61,Paid,Backed into neighbor's parked car causing bumper damage.
CLM-100798,POL-1000017,CUST-500017,Renters,2025-10-19,Water Damage,6088.07,2500.0,3588.07,Paid,Leaking pipe in the wall damaged living room furniture.
CLM-100799,POL-1001200,CUST-501200,Auto,2025-06-26,Uninsured Motorist,776.75,500.0,276.75,Paid,Hit-and-run incident in a shopping mall parking structure.
CLM-100800,POL-1001699,CUST-501699,Renters,2021-10-01,Fire,2890.81,500.0,2390.81,Paid,"Toaster oven caught fire, causing kitchen smoke damage."
CLM-100802,POL-1003253,CUST-503253,Auto,2025-11-02,Liability,500.0,500.0,0.0,Paid,"Ran a stop sign and hit a bicyclist, causing minor injuries."
CLM-100801,POL-1003253,CUST-503253,Auto,2026-01-28,Uninsured Motorist,1185.53,500.0,685.53,Paid,Hit-and-run incident in a shopping mall parking structure.
CLM-100803,POL-1000596,CUST-500596,Auto,2025-02-07,Uninsured Motorist,10400.26,250.0,10150.26,Paid,Rear-ended by an uninsured driver who fled the scene.
CLM-100804,POL-1003226,CUST-503226,Life,2026-03-01,Death Benefit,1702000.0,500.0,1702000.0,Paid,Fatal cardiovascular event.
CLM-100805,POL-1004405,CUST-504405,Home,2026-02-01,Theft,1631.69,2500.0,0.0,Paid,Break-in through rear window; jewelry and electronics stolen.
CLM-100808,POL-1004719,CUST-504719,Auto,2022-09-19,Liability,6982.74,500.0,6482.74,Paid,Backed into neighbor's parked car causing bumper damage.
CLM-100807,POL-1004719,CUST-504719,Auto,2023-08-07,Comprehensive,5545.72,500.0,5045.72,Paid,Hail storm caused extensive denting on hood and roof.
CLM-100806,POL-1004719,CUST-504719,Auto,2023-08-12,Uninsured Motorist,3580.38,500.0,3080.38,Paid,Hit-and-run incident in a shopping mall parking structure.
CLM-100809,POL-1001505,CUST-501505,Life,2025-09-24,Death Benefit,190000.0,2500.0,190000.0,Paid,Accidental death in a domestic incident.
CLM-100811,POL-1001412,CUST-501412,Auto,2026-04-18,Comprehensive,17732.85,500.0,17232.85,Paid,Windshield cracked by a rock flying from a dump truck.
CLM-100810,POL-1001412,CUST-501412,Auto,2026-05-08,Liability,3382.15,500.0,2882.15,Under Review,Backed into neighbor's parked car causing bumper damage.
CLM-100812,POL-1001965,CUST-501965,Life,2023-06-14,Death Benefit,203000.0,2500.0,203000.0,Paid,Passed away due to natural causes.
CLM-100813,POL-1000371,CUST-500371,Home,2023-05-31,Water Damage,4193.19,1000.0,3193.19,Paid,"Dishwasher overflowed, damaging kitchen hardwood floors."
CLM-100814,POL-1000371,CUST-500371,Home,2025-03-28,Liability,730.6,1000.0,0.0,Paid,Mail carrier slipped on icy front steps and sprained ankle.
CLM-100815,POL-1001340,CUST-501340,Renters,2025-11-27,Theft,2389.0,5000.0,0.0,Paid,Bicycle stolen from the apartment complex bike rack.
CLM-100816,POL-1000598,CUST-500598,Auto,2026-03-23,Collision,7782.48,500.0,7282.48,Paid,Collided with a stationary utility pole while parking.
CLM-100817,POL-1000238,CUST-500238,Home,2024-08-24,Wind/Hail,5340.55,250.0,5090.55,Paid,Fallen tree limb damaged the backyard deck during a storm.
CLM-100818,POL-1000238,CUST-500238,Home,2025-01-19,Water Damage,27291.37,250.0,27041.37,Paid,"Dishwasher overflowed, damaging kitchen hardwood floors."
CLM-100819,POL-1000238,CUST-500238,Home,2025-03-24,Water Damage,500.0,250.0,250.0,Paid,"Water heater failed, leaking water across the laundry room floor."
CLM-100820,POL-1003400,CUST-503400,Home,2025-08-30,Liability,24999.97,500.0,24499.97,Paid,Family dog bit a neighbor visiting the backyard.
CLM-100821,POL-1003400,CUST-503400,Home,2025-09-21,Theft,18619.11,500.0,18119.11,Paid,Lawnmower and power tools stolen from locked backyard shed.
CLM-100823,POL-1002067,CUST-502067,Home,2025-04-01,Fire,52588.93,250.0,52338.93,Paid,Chimney fire caused attic and roof structure damage.
CLM-100822,POL-1002067,CUST-502067,Home,2026-01-05,Fire,34301.88,250.0,34051.88,Paid,Electrical fire in the garage damaged walls and tools.
CLM-100826,POL-1000810,CUST-500810,Auto,2026-05-01,Liability,574.61,500.0,74.61,Under Review,"Ran a stop sign and hit a bicyclist, causing minor injuries."
CLM-100825,POL-1000810,CUST-500810,Auto,2026-05-08,Liability,3467.46,500.0,2967.46,Under Review,Backed into neighbor's parked car causing bumper damage.
CLM-100824,POL-1000810,CUST-500810,Auto,2026-05-09,Uninsured Motorist,3861.83,500.0,3361.83,Under Review,Rear-ended by an uninsured driver who fled the scene.
CLM-100827,POL-1001094,CUST-501094,Renters,2026-01-10,Water Damage,5371.87,250.0,5121.87,Paid,Leaking pipe in the wall damaged living room furniture.
CLM-100828,POL-1004324,CUST-504324,Auto,2026-04-18,Comprehensive,500.0,2500.0,0.0,Paid,Windshield cracked by a rock flying from a dump truck.
CLM-100829,POL-1004760,CUST-504760,Auto,2022-10-02,Uninsured Motorist,19418.64,2500.0,16918.64,Paid,Hit-and-run incident in a shopping mall parking structure.
CLM-100830,POL-1003676,CUST-503676,Home,2022-07-13,Water Damage,14562.69,500.0,14062.69,Paid,"Water heater failed, leaking water across the laundry room floor."
CLM-100831,POL-1003464,CUST-503464,Life,2024-08-09,Death Benefit,903000.0,1000.0,903000.0,Paid,Fatal cardiovascular event.
CLM-100833,POL-1003103,CUST-503103,Life,2023-12-14,Death Benefit,62000.0,2500.0,62000.0,Paid,Accidental death in a domestic incident.
CLM-100832,POL-1003103,CUST-503103,Life,2023-12-19,Death Benefit,62000.0,2500.0,62000.0,Paid,Passed away from complications of pneumonia.
CLM-100834,POL-1002749,CUST-502749,Auto,2022-05-18,Liability,7714.34,5000.0,2714.34,Paid,Backed into neighbor's parked car causing bumper damage.
CLM-100835,POL-1002295,CUST-502295,Renters,2025-05-16,Water Damage,1152.54,250.0,902.54,Paid,Bathtub overflow from the apartment above leaked through ceiling.
CLM-100836,POL-1004192,CUST-504192,Auto,2024-04-29,Collision,5337.16,2500.0,0.0,Denied,Rear-end collision at a traffic intersection.
CLM-100837,POL-1003708,CUST-503708,Home,2025-08-02,Wind/Hail,57233.75,2500.0,54733.75,Paid,Fallen tree limb damaged the backyard deck during a storm.
CLM-100838,POL-1003018,CUST-503018,Home,2024-04-29,Wind/Hail,66458.51,1000.0,65458.51,Paid,Hail storm damaged vinyl siding and cracked windows.
CLM-100839,POL-1004252,CUST-504252,Home,2023-09-22,Water Damage,9002.58,250.0,8752.58,Paid,Burst pipe in the upstairs bathroom flooded the ceiling below.
CLM-100840,POL-1000803,CUST-500803,Auto,2025-08-28,Comprehensive,15345.56,5000.0,0.0,Denied,Windshield cracked by a rock flying from a dump truck.
CLM-100841,POL-1004190,CUST-504190,Renters,2025-01-08,Water Damage,535.18,250.0,285.18,Paid,Bathtub overflow from the apartment above leaked through ceiling.
CLM-100842,POL-1004190,CUST-504190,Renters,2025-03-29,Theft,500.0,250.0,250.0,Paid,Bicycle stolen from the apartment complex bike rack.
CLM-100843,POL-1003705,CUST-503705,Home,2023-01-27,Theft,24931.9,1000.0,23931.9,Paid,Break-in through rear window; jewelry and electronics stolen.
CLM-100844,POL-1000751,CUST-500751,Auto,2023-05-28,Uninsured Motorist,2927.37,5000.0,0.0,Denied,Rear-ended by an uninsured driver who fled the scene.
CLM-100845,POL-1004644,CUST-504644,Boat,2025-07-11,Theft,5125.45,5000.0,125.45,Paid,Fishing gear and GPS equipment stolen from locked cabin.
CLM-100847,POL-1004644,CUST-504644,Boat,2026-03-17,Theft,7982.74,5000.0,2982.74,Paid,Fishing gear and GPS equipment stolen from locked cabin.
CLM-100846,POL-1004644,CUST-504644,Boat,2026-04-03,Storm Damage,54092.45,5000.0,49092.45,Under Review,Boat filled with water and sank at its slip during a heavy storm.
CLM-100848,POL-1002531,CUST-502531,Auto,2022-01-24,Collision,500.0,1000.0,0.0,Paid,Rear-end collision at a traffic intersection.
CLM-100849,POL-1000621,CUST-500621,Auto,2024-02-24,Comprehensive,6096.69,1000.0,0.0,Denied,Vehicle vandalized with spray paint in a public parking lot.
CLM-100850,POL-1002297,CUST-502297,Motorcycle,2023-11-15,Liability,13079.37,500.0,12579.37,Paid,Accidentally scraped side of a parked luxury sedan.
CLM-100851,POL-1002297,CUST-502297,Motorcycle,2024-02-06,Comprehensive,500.0,500.0,0.0,Paid,Motorcycle stolen from apartment complex parking lot.
CLM-100852,POL-1003828,CUST-503828,Umbrella,2021-11-19,Liability,68382.71,1000.0,67382.71,Paid,Settlement for personal injury lawsuit stemming from rental property.
CLM-100853,POL-1003828,CUST-503828,Umbrella,2022-06-02,Liability,181803.45,1000.0,180803.45,Paid,Defamation lawsuit settlement.
CLM-100854,POL-1000566,CUST-500566,Auto,2025-10-17,Liability,43000.0,1000.0,42000.0,Paid,Third-party property damage to a storefront fence.
CLM-100855,POL-1001135,CUST-501135,Auto,2026-02-24,Collision,31401.36,2500.0,28901.36,Paid,Rear-end collision at a traffic intersection.
CLM-100856,POL-1001204,CUST-501204,Home,2022-03-02,Theft,800.51,1000.0,0.0,Paid,Lawnmower and power tools stolen from locked backyard shed.
CLM-100857,POL-1001047,CUST-501047,Auto,2023-03-28,Uninsured Motorist,18342.98,5000.0,13342.98,Paid,Rear-ended by an uninsured driver who fled the scene.
CLM-100858,POL-1000051,CUST-500051,Home,2025-05-22,Wind/Hail,3075.67,250.0,2825.67,Paid,Fallen tree limb damaged the backyard deck during a storm.
CLM-100859,POL-1003651,CUST-503651,Auto,2022-04-10,Collision,5875.62,500.0,5375.62,Paid,Multi-vehicle accident on wet roadway.
CLM-100860,POL-1001044,CUST-501044,Auto,2024-09-01,Liability,8926.43,5000.0,3926.43,Paid,Third-party property damage to a storefront fence.
CLM-100861,POL-1002181,CUST-502181,Home,2022-11-14,Liability,6071.22,250.0,5821.22,Paid,Mail carrier slipped on icy front steps and sprained ankle.
CLM-100862,POL-1002688,CUST-502688,Motorcycle,2025-07-28,Collision,5466.62,500.0,0.0,Denied,Collided with a guardrail while avoiding a sudden obstacle.
CLM-100863,POL-1000534,CUST-500534,Home,2023-09-06,Theft,70703.07,500.0,70203.07,Paid,Lawnmower and power tools stolen from locked backyard shed.
CLM-100864,POL-1003184,CUST-503184,Renters,2022-01-19,Theft,1892.88,2500.0,0.0,Denied,Bicycle stolen from the apartment complex bike rack.
CLM-100865,POL-1003857,CUST-503857,Auto,2026-03-13,Collision,4082.05,5000.0,0.0,Denied,Collided with a stationary utility pole while parking.
CLM-100866,POL-1000443,CUST-500443,Life,2025-04-06,Death Benefit,921000.0,250.0,921000.0,Paid,Fatal cardiovascular event.
CLM-100867,POL-1003604,CUST-503604,Auto,2026-04-03,Comprehensive,9668.23,5000.0,4668.23,Under Review,Hail storm caused extensive denting on hood and roof.
CLM-100868,POL-1000195,CUST-500195,Home,2025-06-03,Fire,22867.21,1000.0,21867.21,Paid,Grease fire in the kitchen caused severe cabinet and smoke damage.
CLM-100871,POL-1001115,CUST-501115,Umbrella,2026-04-07,Liability,20129.53,5000.0,15129.53,Paid,Defamation lawsuit settlement.
CLM-100870,POL-1001115,CUST-501115,Umbrella,2026-04-23,Liability,255682.32,5000.0,250682.32,Paid,Settlement for personal injury lawsuit stemming from rental property.
CLM-100869,POL-1001115,CUST-501115,Umbrella,2026-05-05,Liability,350251.82,5000.0,345251.82,Approved,Defamation lawsuit settlement.
CLM-100872,POL-1000765,CUST-500765,Home,2026-02-05,Wind/Hail,9768.46,1000.0,8768.46,Paid,Severe thunderstorm tore off several roof shingles.
CLM-100873,POL-1001945,CUST-501945,Auto,2025-08-21,Comprehensive,15725.52,5000.0,10725.52,Paid,Windshield cracked by a rock flying from a dump truck.
CLM-100874,POL-1003247,CUST-503247,Auto,2024-08-28,Uninsured Motorist,700.09,2500.0,0.0,Paid,Hit-and-run incident in a shopping mall parking structure.
CLM-100875,POL-1003002,CUST-503002,Home,2023-02-23,Fire,21982.76,2500.0,19482.76,Paid,Electrical fire in the garage damaged walls and tools.
CLM-100876,POL-1003002,CUST-503002,Home,2023-10-17,Water Damage,796.11,2500.0,0.0,Paid,"Water heater failed, leaking water across the laundry room floor."
CLM-100877,POL-1001432,CUST-501432,Auto,2025-12-04,Uninsured Motorist,21795.9,250.0,21545.9,Paid,Rear-ended by an uninsured driver who fled the scene.
CLM-100878,POL-1004200,CUST-504200,Home,2025-08-21,Liability,50332.18,1000.0,49332.18,Paid,Guest tripped over a loose rug and fractured their wrist.
CLM-100879,POL-1003095,CUST-503095,Auto,2024-04-20,Collision,13499.86,1000.0,12499.86,Paid,Sideswiped by another vehicle merging onto the highway.
CLM-100880,POL-1002922,CUST-502922,Home,2025-05-26,Wind/Hail,500.0,5000.0,0.0,Denied,Severe thunderstorm tore off several roof shingles.
CLM-100881,POL-1000644,CUST-500644,Life,2025-01-23,Death Benefit,1527000.0,2500.0,1527000.0,Paid,Accidental death in a domestic incident.
CLM-100882,POL-1000644,CUST-500644,Life,2026-04-22,Death Benefit,1527000.0,2500.0,1527000.0,Under Review,Accidental death in a domestic incident.
CLM-100883,POL-1001049,CUST-501049,Home,2022-08-02,Fire,2686.62,250.0,2436.62,Paid,Grease fire in the kitchen caused severe cabinet and smoke damage.
CLM-100884,POL-1003745,CUST-503745,Life,2022-02-23,Death Benefit,1749000.0,500.0,0.0,Denied,Passed away from complications of pneumonia.
CLM-100886,POL-1004093,CUST-504093,Renters,2024-09-20,Theft,1281.72,2500.0,0.0,Paid,"Apartment burglary; laptop, tablet, and gaming console stolen."
CLM-100885,POL-1004093,CUST-504093,Renters,2024-12-16,Fire,4772.85,2500.0,2272.85,Paid,"Toaster oven caught fire, causing kitchen smoke damage."
CLM-100887,POL-1004403,CUST-504403,Auto,2025-12-01,Uninsured Motorist,12965.98,500.0,12465.98,Paid,Hit-and-run incident in a shopping mall parking structure.
CLM-100888,POL-1004403,CUST-504403,Auto,2026-03-06,Uninsured Motorist,4328.68,500.0,3828.68,Paid,Rear-ended by an uninsured driver who fled the scene.
CLM-100889,POL-1000120,CUST-500120,Auto,2023-07-21,Collision,4801.41,5000.0,0.0,Paid,Sideswiped by another vehicle merging onto the highway.
CLM-100890,POL-1002052,CUST-502052,Auto,2026-03-02,Collision,15348.16,2500.0,12848.16,Paid,Sideswiped by another vehicle merging onto the highway.
CLM-100891,POL-1004258,CUST-504258,Home,2026-01-05,Theft,5319.66,5000.0,319.66,Paid,Break-in through rear window; jewelry and electronics stolen.
CLM-100892,POL-1004888,CUST-504888,Renters,2022-06-30,Fire,1777.2,500.0,1277.2,Paid,"Toaster oven caught fire, causing kitchen smoke damage."
CLM-100893,POL-1004334,CUST-504334,Boat,2023-01-28,Theft,23908.01,2500.0,21408.01,Paid,Outboard motor stolen from boat parked in driveway.
CLM-100894,POL-1004691,CUST-504691,Motorcycle,2025-01-29,Liability,2893.89,500.0,2393.89,Paid,Passenger injured when motorcycle slid on wet leaves.
CLM-100895,POL-1004691,CUST-504691,Motorcycle,2025-05-25,Comprehensive,5655.0,500.0,5155.0,Paid,Motorcycle blown over and damaged during a windstorm.
CLM-100896,POL-1000134,CUST-500134,Renters,2024-05-04,Fire,5179.4,250.0,0.0,Denied,"Toaster oven caught fire, causing kitchen smoke damage."
CLM-100897,POL-1000134,CUST-500134,Renters,2024-07-09,Fire,9558.99,250.0,9308.99,Paid,Candle left unattended started a small bedroom fire.
CLM-100898,POL-1002460,CUST-502460,Home,2023-11-23,Water Damage,20379.54,5000.0,0.0,Denied,"Water heater failed, leaking water across the laundry room floor."
CLM-100899,POL-1001954,CUST-501954,Home,2024-05-11,Theft,2808.67,2500.0,308.67,Paid,Lawnmower and power tools stolen from locked backyard shed.
CLM-100900,POL-1001954,CUST-501954,Home,2024-12-10,Wind/Hail,4674.45,2500.0,2174.45,Paid,Hail storm damaged vinyl siding and cracked windows.
CLM-100901,POL-1002463,CUST-502463,Auto,2023-01-09,Comprehensive,9358.71,500.0,8858.71,Paid,Hail storm caused extensive denting on hood and roof.
CLM-100902,POL-1000184,CUST-500184,Auto,2025-05-22,Comprehensive,684.56,1000.0,0.0,Paid,Hail storm caused extensive denting on hood and roof.
CLM-100903,POL-1001392,CUST-501392,Life,2023-09-11,Death Benefit,322000.0,250.0,322000.0,Paid,Passed away from complications of pneumonia.
CLM-100904,POL-1002276,CUST-502276,Home,2025-11-11,Theft,5096.86,1000.0,4096.86,Paid,Lawnmower and power tools stolen from locked backyard shed.
CLM-100905,POL-1000511,CUST-500511,Auto,2023-10-07,Uninsured Motorist,10504.66,5000.0,5504.66,Paid,Hit-and-run incident in a shopping mall parking structure.
CLM-100906,POL-1004729,CUST-504729,Renters,2025-04-14,Fire,1084.93,250.0,834.93,Paid,"Toaster oven caught fire, causing kitchen smoke damage."
CLM-100907,POL-1004054,CUST-504054,Renters,2025-02-03,Water Damage,5131.61,5000.0,0.0,Denied,Leaking pipe in the wall damaged living room furniture.
CLM-100909,POL-1003137,CUST-503137,Home,2022-12-31,Theft,42635.03,5000.0,37635.03,Paid,Lawnmower and power tools stolen from locked backyard shed.
CLM-100908,POL-1003137,CUST-503137,Home,2023-04-12,Fire,21892.29,5000.0,16892.29,Paid,Chimney fire caused attic and roof structure damage.
CLM-100910,POL-1002669,CUST-502669,Auto,2022-03-17,Uninsured Motorist,13759.35,1000.0,12759.35,Paid,Hit-and-run incident in a shopping mall parking structure.
CLM-100911,POL-1004773,CUST-504773,Life,2024-02-16,Death Benefit,1792000.0,1000.0,1792000.0,Paid,Fatal cardiovascular event.
CLM-100912,POL-1004861,CUST-504861,Auto,2025-11-23,Uninsured Motorist,5858.55,1000.0,4858.55,Paid,Hit-and-run incident in a shopping mall parking structure.
CLM-100913,POL-1002117,CUST-502117,Auto,2022-11-02,Liability,1056.29,250.0,806.29,Paid,Backed into neighbor's parked car causing bumper damage.
CLM-100914,POL-1000251,CUST-500251,Auto,2022-04-08,Comprehensive,3103.36,500.0,2603.36,Paid,Vehicle vandalized with spray paint in a public parking lot.
CLM-100915,POL-1003526,CUST-503526,Life,2024-06-23,Death Benefit,1160000.0,2500.0,0.0,Denied,Accidental death in a domestic incident.
CLM-100916,POL-1003559,CUST-503559,Auto,2025-03-15,Uninsured Motorist,4834.83,5000.0,0.0,Paid,Hit-and-run incident in a shopping mall parking structure.
CLM-100917,POL-1004011,CUST-504011,Auto,2025-09-05,Collision,6007.36,5000.0,1007.36,Paid,Multi-vehicle accident on wet roadway.
CLM-100918,POL-1001507,CUST-501507,Renters,2025-03-25,Fire,1934.06,1000.0,934.06,Paid,Candle left unattended started a small bedroom fire.
CLM-100920,POL-1000122,CUST-500122,Home,2023-06-09,Water Damage,3058.59,1000.0,2058.59,Paid,"Dishwasher overflowed, damaging kitchen hardwood floors."
CLM-100919,POL-1000122,CUST-500122,Home,2024-07-03,Fire,23085.8,1000.0,22085.8,Paid,Grease fire in the kitchen caused severe cabinet and smoke damage.
CLM-100921,POL-1004259,CUST-504259,Auto,2025-06-13,Uninsured Motorist,1792.28,250.0,1542.28,Paid,Rear-ended by an uninsured driver who fled the scene.
CLM-100922,POL-1003333,CUST-503333,Auto,2022-08-30,Uninsured Motorist,3008.93,250.0,2758.93,Paid,Hit-and-run incident in a shopping mall parking structure.
CLM-100923,POL-1001871,CUST-501871,Life,2025-08-31,Death Benefit,1982000.0,2500.0,1982000.0,Paid,Passed away due to natural causes.
CLM-100924,POL-1003692,CUST-503692,Home,2023-05-14,Liability,47338.9,250.0,47088.9,Paid,Guest tripped over a loose rug and fractured their wrist.
CLM-100925,POL-1000567,CUST-500567,Auto,2024-10-20,Collision,31747.74,1000.0,30747.74,Paid,Rear-end collision at a traffic intersection.
CLM-100926,POL-1001371,CUST-501371,Home,2022-02-28,Fire,35319.98,2500.0,32819.98,Paid,Grease fire in the kitchen caused severe cabinet and smoke damage.
CLM-100927,POL-1003185,CUST-503185,Auto,2024-10-05,Collision,4135.1,5000.0,0.0,Denied,Multi-vehicle accident on wet roadway.
CLM-100928,POL-1003955,CUST-503955,Home,2025-04-17,Theft,27917.7,5000.0,22917.7,Paid,Break-in through rear window; jewelry and electronics stolen.
CLM-100929,POL-1001056,CUST-501056,Auto,2023-11-10,Collision,5631.3,250.0,5381.3,Paid,Sideswiped by another vehicle merging onto the highway.
CLM-100930,POL-1000856,CUST-500856,Home,2024-01-26,Liability,34223.97,500.0,0.0,Denied,Guest tripped over a loose rug and fractured their wrist.
CLM-100931,POL-1003838,CUST-503838,Home,2024-11-10,Liability,17004.79,5000.0,0.0,Denied,Guest tripped over a loose rug and fractured their wrist.
CLM-100932,POL-1002860,CUST-502860,Home,2026-05-02,Liability,32726.25,1000.0,31726.25,Approved,Mail carrier slipped on icy front steps and sprained ankle.
CLM-100933,POL-1004769,CUST-504769,Auto,2026-02-11,Liability,4783.63,1000.0,3783.63,Paid,"Ran a stop sign and hit a bicyclist, causing minor injuries."
CLM-100934,POL-1000776,CUST-500776,Auto,2023-04-05,Comprehensive,8388.14,250.0,8138.14,Paid,Collided with a deer crossing the road at night.
CLM-100935,POL-1000720,CUST-500720,Motorcycle,2022-04-29,Comprehensive,2293.11,2500.0,0.0,Paid,Motorcycle blown over and damaged during a windstorm.
CLM-100936,POL-1002710,CUST-502710,Auto,2026-03-18,Uninsured Motorist,17341.6,1000.0,16341.6,Paid,Rear-ended by an uninsured driver who fled the scene.
CLM-100937,POL-1002654,CUST-502654,Auto,2023-02-20,Comprehensive,6783.06,500.0,6283.06,Paid,Collided with a deer crossing the road at night.
CLM-100938,POL-1002654,CUST-502654,Auto,2023-09-09,Liability,10271.55,500.0,9771.55,Paid,"Ran a stop sign and hit a bicyclist, causing minor injuries."
CLM-100939,POL-1004877,CUST-504877,Home,2023-06-28,Liability,2917.34,2500.0,417.34,Paid,Family dog bit a neighbor visiting the backyard.
CLM-100940,POL-1000602,CUST-500602,Home,2026-05-04,Theft,500.0,2500.0,0.0,Under Review,Break-in through rear window; jewelry and electronics stolen.
CLM-100941,POL-1003822,CUST-503822,Auto,2024-07-28,Uninsured Motorist,2374.64,250.0,2124.64,Paid,Hit-and-run incident in a shopping mall parking structure.
CLM-100942,POL-1001244,CUST-501244,Auto,2025-05-15,Liability,1775.27,1000.0,0.0,Denied,Backed into neighbor's parked car causing bumper damage.
CLM-100943,POL-1004845,CUST-504845,Life,2024-10-06,Death Benefit,195000.0,500.0,195000.0,Paid,Passed away from complications of pneumonia.
CLM-100944,POL-1004841,CUST-504841,Auto,2023-06-28,Comprehensive,20268.89,2500.0,17768.89,Paid,Vehicle vandalized with spray paint in a public parking lot.
CLM-100947,POL-1000318,CUST-500318,Auto,2023-09-15,Uninsured Motorist,2437.75,500.0,1937.75,Paid,Rear-ended by an uninsured driver who fled the scene.
CLM-100946,POL-1000318,CUST-500318,Auto,2023-11-05,Uninsured Motorist,17955.07,500.0,17455.07,Paid,Hit-and-run incident in a shopping mall parking structure.
CLM-100945,POL-1000318,CUST-500318,Auto,2024-02-08,Comprehensive,7551.89,500.0,7051.89,Paid,Vehicle vandalized with spray paint in a public parking lot.
CLM-100949,POL-1000828,CUST-500828,Auto,2023-03-25,Comprehensive,12445.1,1000.0,11445.1,Paid,Hail storm caused extensive denting on hood and roof.
CLM-100948,POL-1000828,CUST-500828,Auto,2024-02-10,Uninsured Motorist,5288.4,1000.0,4288.4,Paid,Hit-and-run incident in a shopping mall parking structure.
CLM-100951,POL-1003263,CUST-503263,Auto,2021-05-22,Comprehensive,21465.99,500.0,20965.99,Paid,Vehicle vandalized with spray paint in a public parking lot.
CLM-100950,POL-1003263,CUST-503263,Auto,2022-03-19,Uninsured Motorist,9434.61,500.0,8934.61,Paid,Hit-and-run incident in a shopping mall parking structure.
CLM-100952,POL-1000274,CUST-500274,Motorcycle,2023-07-19,Liability,5140.62,500.0,4640.62,Paid,Passenger injured when motorcycle slid on wet leaves.
CLM-100953,POL-1002664,CUST-502664,Home,2025-04-23,Wind/Hail,37918.36,500.0,37418.36,Paid,Fallen tree limb damaged the backyard deck during a storm.
CLM-100954,POL-1000549,CUST-500549,Home,2024-02-11,Fire,41435.46,250.0,41185.46,Paid,Electrical fire in the garage damaged walls and tools.
CLM-100955,POL-1003641,CUST-503641,Renters,2023-04-10,Fire,776.47,5000.0,0.0,Denied,Candle left unattended started a small bedroom fire.
CLM-100956,POL-1004053,CUST-504053,Life,2026-03-15,Death Benefit,664000.0,500.0,664000.0,Paid,Passed away from complications of pneumonia.
CLM-100957,POL-1004892,CUST-504892,Home,2026-04-05,Theft,16994.96,1000.0,15994.96,Under Review,Porch pirate stole high-value packages delivered to front door.
CLM-100958,POL-1002934,CUST-502934,Auto,2026-03-06,Collision,3873.11,5000.0,0.0,Denied,Sideswiped by another vehicle merging onto the highway.
CLM-100959,POL-1000605,CUST-500605,Auto,2023-08-28,Uninsured Motorist,3497.56,5000.0,0.0,Paid,Rear-ended by an uninsured driver who fled the scene.
CLM-100960,POL-1000896,CUST-500896,Home,2024-01-29,Liability,27402.7,500.0,26902.7,Paid,Guest tripped over a loose rug and fractured their wrist.
CLM-100961,POL-1000527,CUST-500527,Motorcycle,2025-11-21,Liability,9144.91,2500.0,6644.91,Paid,Passenger injured when motorcycle slid on wet leaves.
CLM-100962,POL-1004607,CUST-504607,Home,2023-05-02,Wind/Hail,4634.25,1000.0,3634.25,Paid,Severe thunderstorm tore off several roof shingles.
CLM-100963,POL-1002347,CUST-502347,Auto,2025-10-14,Collision,767.03,5000.0,0.0,Paid,Collided with a stationary utility pole while parking.
CLM-100964,POL-1003439,CUST-503439,Home,2023-07-03,Water Damage,8462.62,250.0,8212.62,Paid,"Dishwasher overflowed, damaging kitchen hardwood floors."
CLM-100965,POL-1003439,CUST-503439,Home,2023-07-10,Theft,3071.3,250.0,2821.3,Paid,Porch pirate stole high-value packages delivered to front door.
CLM-100966,POL-1004998,CUST-504998,Auto,2025-04-26,Uninsured Motorist,19969.43,250.0,19719.43,Paid,Hit-and-run incident in a shopping mall parking structure.
CLM-100967,POL-1004826,CUST-504826,Renters,2025-08-21,Fire,8576.28,500.0,8076.28,Paid,Candle left unattended started a small bedroom fire.
CLM-100969,POL-1004826,CUST-504826,Renters,2025-10-12,Theft,2479.88,500.0,0.0,Denied,"Apartment burglary; laptop, tablet, and gaming console stolen."
CLM-100968,POL-1004826,CUST-504826,Renters,2026-02-26,Theft,2933.25,500.0,2433.25,Paid,Bicycle stolen from the apartment complex bike rack.
CLM-100970,POL-1003922,CUST-503922,Auto,2024-06-21,Uninsured Motorist,15934.78,2500.0,13434.78,Paid,Rear-ended by an uninsured driver who fled the scene.
CLM-100972,POL-1000298,CUST-500298,Motorcycle,2022-01-24,Collision,7643.34,1000.0,6643.34,Paid,Car turned left in front of motorcycle at an intersection.
CLM-100971,POL-1000298,CUST-500298,Motorcycle,2022-05-18,Collision,19797.29,1000.0,18797.29,Paid,Car turned left in front of motorcycle at an intersection.
CLM-100973,POL-1002119,CUST-502119,Auto,2025-08-26,Uninsured Motorist,26080.24,500.0,25580.24,Paid,Hit-and-run incident in a shopping mall parking structure.
CLM-100974,POL-1002119,CUST-502119,Auto,2025-12-30,Uninsured Motorist,7781.55,500.0,7281.55,Paid,Hit-and-run incident in a shopping mall parking structure.
CLM-100976,POL-1002536,CUST-502536,Home,2024-09-15,Wind/Hail,17776.94,1000.0,16776.94,Paid,Fallen tree limb damaged the backyard deck during a storm.
CLM-100975,POL-1002536,CUST-502536,Home,2025-06-20,Theft,19478.73,1000.0,18478.73,Paid,Lawnmower and power tools stolen from locked backyard shed.
CLM-100977,POL-1004203,CUST-504203,Life,2025-08-27,Death Benefit,1977000.0,5000.0,1977000.0,Paid,Passed away from complications of pneumonia.
CLM-100978,POL-1003254,CUST-503254,Auto,2023-09-07,Liability,865.1,250.0,615.1,Paid,Backed into neighbor's parked car causing bumper damage.
CLM-100979,POL-1003725,CUST-503725,Home,2025-02-04,Water Damage,9022.28,250.0,8772.28,Paid,"Water heater failed, leaking water across the laundry room floor."
CLM-100982,POL-1001260,CUST-501260,Home,2025-01-11,Fire,27872.55,1000.0,26872.55,Paid,Chimney fire caused attic and roof structure damage.
CLM-100981,POL-1001260,CUST-501260,Home,2026-02-22,Wind/Hail,29961.2,1000.0,28961.2,Paid,Fallen tree limb damaged the backyard deck during a storm.
CLM-100980,POL-1001260,CUST-501260,Home,2026-04-19,Theft,31634.73,1000.0,0.0,Denied,Porch pirate stole high-value packages delivered to front door.
CLM-100983,POL-1001558,CUST-501558,Auto,2025-08-15,Collision,500.0,1000.0,0.0,Paid,Multi-vehicle accident on wet roadway.
CLM-100984,POL-1003269,CUST-503269,Auto,2026-02-12,Comprehensive,7979.75,1000.0,6979.75,Paid,Hail storm caused extensive denting on hood and roof.
CLM-100985,POL-1004046,CUST-504046,Auto,2023-04-27,Comprehensive,5608.03,2500.0,3108.03,Paid,Collided with a deer crossing the road at night.
CLM-100986,POL-1000756,CUST-500756,Home,2025-12-24,Wind/Hail,22975.56,5000.0,17975.56,Paid,Hail storm damaged vinyl siding and cracked windows.
CLM-100987,POL-1001010,CUST-501010,Auto,2023-03-07,Liability,5290.86,5000.0,290.86,Paid,Backed into neighbor's parked car causing bumper damage.
CLM-100988,POL-1001010,CUST-501010,Auto,2023-09-03,Collision,3043.7,5000.0,0.0,Paid,Collided with a stationary utility pole while parking.
CLM-100989,POL-1002794,CUST-502794,Auto,2023-05-31,Liability,6603.34,500.0,6103.34,Paid,Third-party property damage to a storefront fence.
CLM-100990,POL-1002905,CUST-502905,Umbrella,2026-02-25,Liability,173280.29,1000.0,172280.29,Paid,Excess liability claim following a major multi-car auto accident.
CLM-100991,POL-1001870,CUST-501870,Home,2026-02-28,Water Damage,1995.66,5000.0,0.0,Paid,Burst pipe in the upstairs bathroom flooded the ceiling below.
CLM-100992,POL-1002229,CUST-502229,Auto,2022-01-01,Collision,8837.14,250.0,8587.14,Paid,Sideswiped by another vehicle merging onto the highway.
CLM-100993,POL-1001173,CUST-501173,Renters,2025-08-25,Fire,8206.95,250.0,7956.95,Paid,Candle left unattended started a small bedroom fire.
CLM-100996,POL-1001832,CUST-501832,Life,2023-05-19,Death Benefit,1350000.0,500.0,1350000.0,Paid,Passed away due to natural causes.
CLM-100994,POL-1001832,CUST-501832,Life,2023-11-28,Death Benefit,1350000.0,500.0,1350000.0,Paid,Passed away from complications of pneumonia.
CLM-100995,POL-1001832,CUST-501832,Life,2024-08-09,Death Benefit,1350000.0,500.0,1350000.0,Paid,Passed away due to natural causes.
CLM-100997,POL-1000376,CUST-500376,Auto,2024-01-15,Comprehensive,1074.71,2500.0,0.0,Paid,Vehicle vandalized with spray paint in a public parking lot.
CLM-100998,POL-1003853,CUST-503853,Home,2024-03-30,Water Damage,57642.81,500.0,57142.81,Paid,"Dishwasher overflowed, damaging kitchen hardwood floors."
CLM-100999,POL-1003853,CUST-503853,Home,2024-08-25,Water Damage,2779.42,500.0,2279.42,Paid,"Dishwasher overflowed, damaging kitchen hardwood floors."
CLM-101000,POL-1003616,CUST-503616,Auto,2026-04-15,Uninsured Motorist,13109.45,500.0,12609.45,Paid,Rear-ended by an uninsured driver who fled the scene.
CLM-101002,POL-1000798,CUST-500798,Auto,2021-12-18,Uninsured Motorist,2498.53,1000.0,0.0,Denied,Hit-and-run incident in a shopping mall parking structure.
CLM-101001,POL-1000798,CUST-500798,Auto,2022-03-11,Liability,4277.28,1000.0,3277.28,Paid,Third-party property damage to a storefront fence.
CLM-101003,POL-1000378,CUST-500378,Renters,2022-02-06,Water Damage,500.0,500.0,0.0,Paid,Leaking pipe in the wall damaged living room furniture.
CLM-101005,POL-1001158,CUST-501158,Auto,2026-03-11,Uninsured Motorist,24812.82,250.0,0.0,Denied,Hit-and-run incident in a shopping mall parking structure.
CLM-101004,POL-1001158,CUST-501158,Auto,2026-03-20,Liability,4736.05,250.0,4486.05,Paid,Third-party property damage to a storefront fence.
CLM-101006,POL-1003819,CUST-503819,Auto,2025-06-13,Collision,1876.25,1000.0,876.25,Paid,Rear-end collision at a traffic intersection.
CLM-101007,POL-1002792,CUST-502792,Auto,2023-04-13,Liability,6240.05,1000.0,5240.05,Paid,Backed into neighbor's parked car causing bumper damage.
CLM-101008,POL-1002792,CUST-502792,Auto,2023-05-22,Uninsured Motorist,2375.55,1000.0,1375.55,Paid,Rear-ended by an uninsured driver who fled the scene.
CLM-101009,POL-1002240,CUST-502240,Home,2025-10-15,Water Damage,17504.98,1000.0,16504.98,Paid,"Water heater failed, leaking water across the laundry room floor."
CLM-101010,POL-1004035,CUST-504035,Life,2025-01-10,Death Benefit,552000.0,2500.0,552000.0,Paid,Passed away from complications of pneumonia.
CLM-101011,POL-1004035,CUST-504035,Life,2025-06-01,Death Benefit,552000.0,2500.0,552000.0,Paid,Accidental death in a domestic incident.
CLM-101012,POL-1002662,CUST-502662,Home,2025-10-09,Wind/Hail,28288.46,250.0,28038.46,Paid,Severe thunderstorm tore off several roof shingles.
CLM-101013,POL-1004012,CUST-504012,Auto,2026-03-19,Uninsured Motorist,6967.75,1000.0,0.0,Denied,Rear-ended by an uninsured driver who fled the scene.
CLM-101014,POL-1002957,CUST-502957,Auto,2023-03-09,Comprehensive,898.6,500.0,398.6,Paid,Hail storm caused extensive denting on hood and roof.
CLM-101015,POL-1003927,CUST-503927,Life,2024-05-21,Death Benefit,992000.0,2500.0,992000.0,Paid,Accidental death in a domestic incident.
CLM-101016,POL-1001038,CUST-501038,Home,2026-01-29,Water Damage,33001.19,5000.0,28001.19,Paid,"Dishwasher overflowed, damaging kitchen hardwood floors."
CLM-101017,POL-1001038,CUST-501038,Home,2026-02-11,Water Damage,120187.64,5000.0,115187.64,Paid,"Water heater failed, leaking water across the laundry room floor."
CLM-101018,POL-1003259,CUST-503259,Renters,2024-04-06,Water Damage,2226.02,500.0,1726.02,Paid,Bathtub overflow from the apartment above leaked through ceiling.
CLM-101019,POL-1003259,CUST-503259,Renters,2024-09-14,Theft,5197.07,500.0,4697.07,Paid,Bicycle stolen from the apartment complex bike rack.
CLM-101020,POL-1001344,CUST-501344,Auto,2022-09-21,Collision,4680.82,1000.0,3680.82,Paid,Multi-vehicle accident on wet roadway.
CLM-101021,POL-1002505,CUST-502505,Auto,2025-07-07,Liability,4690.8,2500.0,0.0,Denied,Third-party property damage to a storefront fence.
CLM-101022,POL-1002505,CUST-502505,Auto,2025-09-21,Comprehensive,4643.9,2500.0,2143.9,Paid,Hail storm caused extensive denting on hood and roof.
CLM-101024,POL-1001721,CUST-501721,Auto,2025-09-07,Comprehensive,8638.38,2500.0,6138.38,Paid,Hail storm caused extensive denting on hood and roof.
CLM-101023,POL-1001721,CUST-501721,Auto,2026-02-21,Collision,6998.65,2500.0,0.0,Denied,Rear-end collision at a traffic intersection.
CLM-101025,POL-1004663,CUST-504663,Home,2024-02-10,Water Damage,13349.49,1000.0,12349.49,Paid,"Dishwasher overflowed, damaging kitchen hardwood floors."
CLM-101026,POL-1000175,CUST-500175,Auto,2021-10-10,Uninsured Motorist,1868.36,250.0,1618.36,Paid,Rear-ended by an uninsured driver who fled the scene.
CLM-101027,POL-1004893,CUST-504893,Auto,2025-06-06,Liability,1073.88,5000.0,0.0,Paid,Backed into neighbor's parked car causing bumper damage.
CLM-101029,POL-1001909,CUST-501909,Auto,2023-04-13,Comprehensive,12769.68,500.0,12269.68,Paid,Hail storm caused extensive denting on hood and roof.
CLM-101028,POL-1001909,CUST-501909,Auto,2024-04-07,Comprehensive,11930.7,500.0,11430.7,Paid,Hail storm caused extensive denting on hood and roof.
CLM-101030,POL-1000045,CUST-500045,Umbrella,2022-07-11,Liability,22153.83,250.0,21903.83,Paid,Excess liability claim following a major multi-car auto accident.
CLM-101031,POL-1000045,CUST-500045,Umbrella,2023-10-13,Liability,132554.7,250.0,132304.7,Paid,Settlement for personal injury lawsuit stemming from rental property.
CLM-101032,POL-1003409,CUST-503409,Auto,2022-11-11,Uninsured Motorist,3918.33,250.0,3668.33,Paid,Rear-ended by an uninsured driver who fled the scene.
CLM-101033,POL-1004674,CUST-504674,Auto,2025-06-04,Comprehensive,1596.14,250.0,1346.14,Paid,Windshield cracked by a rock flying from a dump truck.
CLM-101034,POL-1001075,CUST-501075,Auto,2023-05-02,Collision,5399.48,250.0,5149.48,Paid,Collided with a stationary utility pole while parking.
CLM-101035,POL-1002829,CUST-502829,Auto,2025-08-17,Liability,8769.51,250.0,8519.51,Paid,Third-party property damage to a storefront fence.
CLM-101038,POL-1001504,CUST-501504,Home,2024-04-07,Wind/Hail,26737.16,1000.0,25737.16,Paid,Severe thunderstorm tore off several roof shingles.
CLM-101036,POL-1001504,CUST-501504,Home,2024-08-15,Water Damage,51820.37,1000.0,50820.37,Paid,"Water heater failed, leaking water across the laundry room floor."
CLM-101037,POL-1001504,CUST-501504,Home,2025-10-01,Theft,31263.69,1000.0,30263.69,Paid,Break-in through rear window; jewelry and electronics stolen.
CLM-101039,POL-1002309,CUST-502309,Auto,2025-03-12,Uninsured Motorist,60309.35,2500.0,57809.35,Paid,Hit-and-run incident in a shopping mall parking structure.
CLM-101040,POL-1001436,CUST-501436,Auto,2024-04-17,Liability,2719.27,250.0,2469.27,Paid,Backed into neighbor's parked car causing bumper damage.
CLM-101041,POL-1002418,CUST-502418,Home,2024-01-23,Fire,2486.7,5000.0,0.0,Paid,Chimney fire caused attic and roof structure damage.
CLM-101042,POL-1003986,CUST-503986,Home,2021-09-15,Water Damage,22945.21,250.0,22695.21,Paid,"Dishwasher overflowed, damaging kitchen hardwood floors."
CLM-101043,POL-1003098,CUST-503098,Auto,2025-12-17,Liability,2095.02,250.0,1845.02,Paid,Third-party property damage to a storefront fence.
CLM-101044,POL-1004588,CUST-504588,Home,2024-04-17,Fire,29368.92,250.0,29118.92,Paid,Grease fire in the kitchen caused severe cabinet and smoke damage.
CLM-101046,POL-1004588,CUST-504588,Home,2024-07-09,Theft,30293.82,250.0,30043.82,Paid,Lawnmower and power tools stolen from locked backyard shed.
CLM-101045,POL-1004588,CUST-504588,Home,2024-12-25,Liability,74008.41,250.0,73758.41,Paid,Guest tripped over a loose rug and fractured their wrist.
CLM-101047,POL-1000283,CUST-500283,Home,2024-03-07,Wind/Hail,7574.88,2500.0,0.0,Denied,Severe thunderstorm tore off several roof shingles.
CLM-101048,POL-1004918,CUST-504918,Renters,2024-11-11,Fire,992.22,2500.0,0.0,Paid,Candle left unattended started a small bedroom fire.
CLM-101050,POL-1000842,CUST-500842,Home,2022-09-07,Liability,35037.05,1000.0,34037.05,Paid,Mail carrier slipped on icy front steps and sprained ankle.
CLM-101049,POL-1000842,CUST-500842,Home,2023-08-21,Theft,19800.06,1000.0,18800.06,Paid,Porch pirate stole high-value packages delivered to front door.
CLM-101051,POL-1001513,CUST-501513,Auto,2022-08-17,Liability,11078.02,250.0,10828.02,Paid,Backed into neighbor's parked car causing bumper damage.
CLM-101052,POL-1001168,CUST-501168,Auto,2026-02-19,Uninsured Motorist,3567.66,500.0,3067.66,Paid,Hit-and-run incident in a shopping mall parking structure.
CLM-101055,POL-1001592,CUST-501592,Auto,2023-03-17,Liability,1429.91,2500.0,0.0,Paid,Backed into neighbor's parked car causing bumper damage.
CLM-101054,POL-1001592,CUST-501592,Auto,2023-05-16,Collision,5424.52,2500.0,2924.52,Paid,Rear-end collision at a traffic intersection.
CLM-101053,POL-1001592,CUST-501592,Auto,2024-09-12,Comprehensive,953.75,2500.0,0.0,Paid,Hail storm caused extensive denting on hood and roof.
CLM-101056,POL-1003460,CUST-503460,Umbrella,2021-10-11,Liability,183618.81,250.0,183368.81,Paid,Settlement for personal injury lawsuit stemming from rental property.
CLM-101057,POL-1003165,CUST-503165,Home,2025-11-20,Fire,14661.25,250.0,14411.25,Paid,Chimney fire caused attic and roof structure damage.
CLM-101058,POL-1002284,CUST-502284,Home,2025-11-17,Liability,3922.93,500.0,3422.93,Paid,Family dog bit a neighbor visiting the backyard.
CLM-101061,POL-1003575,CUST-503575,Auto,2022-01-09,Liability,8592.91,500.0,8092.91,Paid,Backed into neighbor's parked car causing bumper damage.
CLM-101059,POL-1003575,CUST-503575,Auto,2022-12-23,Uninsured Motorist,7485.53,500.0,0.0,Denied,Rear-ended by an uninsured driver who fled the scene.
CLM-101060,POL-1003575,CUST-503575,Auto,2023-08-02,Comprehensive,14716.21,500.0,14216.21,Paid,Collided with a deer crossing the road at night.
CLM-101062,POL-1004870,CUST-504870,Renters,2025-09-25,Theft,1310.38,2500.0,0.0,Paid,"Apartment burglary; laptop, tablet, and gaming console stolen."
CLM-101063,POL-1002305,CUST-502305,Auto,2024-06-22,Liability,1851.86,500.0,1351.86,Paid,"Ran a stop sign and hit a bicyclist, causing minor injuries."
CLM-101064,POL-1002305,CUST-502305,Auto,2024-07-18,Collision,500.0,500.0,0.0,Paid,Sideswiped by another vehicle merging onto the highway.
CLM-101066,POL-1000952,CUST-500952,Auto,2023-05-06,Collision,1879.88,500.0,1379.88,Paid,Multi-vehicle accident on wet roadway.
CLM-101065,POL-1000952,CUST-500952,Auto,2023-11-19,Comprehensive,7966.05,500.0,7466.05,Paid,Windshield cracked by a rock flying from a dump truck.
CLM-101067,POL-1004942,CUST-504942,Life,2022-06-13,Death Benefit,1799000.0,500.0,1799000.0,Paid,Passed away due to natural causes.
CLM-101068,POL-1003053,CUST-503053,Home,2024-07-24,Water Damage,80337.13,2500.0,77837.13,Paid,Burst pipe in the upstairs bathroom flooded the ceiling below.
CLM-101069,POL-1004559,CUST-504559,Life,2024-08-04,Death Benefit,1648000.0,1000.0,1648000.0,Paid,Passed away due to natural causes.
CLM-101070,POL-1004559,CUST-504559,Life,2025-01-06,Death Benefit,1648000.0,1000.0,1648000.0,Paid,Passed away from complications of pneumonia.
CLM-101071,POL-1002685,CUST-502685,Auto,2026-03-21,Liability,3563.61,500.0,3063.61,Paid,Backed into neighbor's parked car causing bumper damage.
CLM-101072,POL-1001489,CUST-501489,Auto,2023-11-18,Comprehensive,981.92,1000.0,0.0,Paid,Collided with a deer crossing the road at night.
CLM-101073,POL-1000927,CUST-500927,Renters,2025-07-30,Theft,10376.47,250.0,10126.47,Paid,"Apartment burglary; laptop, tablet, and gaming console stolen."
CLM-101074,POL-1001209,CUST-501209,Auto,2025-01-30,Uninsured Motorist,506.45,5000.0,0.0,Paid,Hit-and-run incident in a shopping mall parking structure.
CLM-101075,POL-1003973,CUST-503973,Auto,2022-05-06,Collision,28201.76,250.0,27951.76,Paid,Sideswiped by another vehicle merging onto the highway.
CLM-101076,POL-1003545,CUST-503545,Umbrella,2023-02-19,Liability,109789.97,250.0,0.0,Denied,Settlement for personal injury lawsuit stemming from rental property.
CLM-101077,POL-1004361,CUST-504361,Umbrella,2024-03-28,Liability,167200.34,250.0,166950.34,Paid,Excess liability claim following a major multi-car auto accident.
CLM-101078,POL-1001921,CUST-501921,Renters,2026-01-27,Water Damage,5549.53,2500.0,3049.53,Paid,Leaking pipe in the wall damaged living room furniture.
CLM-101079,POL-1000351,CUST-500351,Auto,2024-02-05,Comprehensive,2791.96,2500.0,291.96,Paid,Collided with a deer crossing the road at night.
CLM-101080,POL-1004898,CUST-504898,Home,2022-06-29,Liability,8394.22,1000.0,7394.22,Paid,Guest tripped over a loose rug and fractured their wrist.
CLM-101081,POL-1003393,CUST-503393,Renters,2024-08-06,Theft,1331.94,5000.0,0.0,Paid,"Apartment burglary; laptop, tablet, and gaming console stolen."
CLM-101082,POL-1002721,CUST-502721,Motorcycle,2022-01-04,Collision,6553.0,1000.0,5553.0,Paid,"Lost control on gravel curve, laying down the motorcycle."
CLM-101083,POL-1004981,CUST-504981,Auto,2023-08-08,Uninsured Motorist,1685.1,5000.0,0.0,Paid,Hit-and-run incident in a shopping mall parking structure.
CLM-101084,POL-1000718,CUST-500718,Auto,2025-08-19,Comprehensive,8536.94,2500.0,6036.94,Paid,Vehicle vandalized with spray paint in a public parking lot.
CLM-101085,POL-1002702,CUST-502702,Renters,2021-09-01,Water Damage,3191.94,2500.0,691.94,Paid,Bathtub overflow from the apartment above leaked through ceiling.
CLM-101086,POL-1002722,CUST-502722,Boat,2025-03-24,Storm Damage,15192.91,500.0,0.0,Denied,Boat filled with water and sank at its slip during a heavy storm.
CLM-101088,POL-1004561,CUST-504561,Home,2023-02-27,Liability,64951.77,500.0,64451.77,Paid,Family dog bit a neighbor visiting the backyard.
CLM-101087,POL-1004561,CUST-504561,Home,2025-01-20,Fire,1547.1,500.0,1047.1,Paid,Electrical fire in the garage damaged walls and tools.
CLM-101089,POL-1000308,CUST-500308,Auto,2021-09-05,Collision,19498.02,5000.0,14498.02,Paid,Collided with a stationary utility pole while parking.
CLM-101090,POL-1001675,CUST-501675,Auto,2025-01-07,Collision,4604.99,1000.0,3604.99,Paid,Multi-vehicle accident on wet roadway.
CLM-101091,POL-1000833,CUST-500833,Umbrella,2022-10-27,Liability,50738.3,5000.0,45738.3,Paid,Settlement for personal injury lawsuit stemming from rental property.
CLM-101092,POL-1000366,CUST-500366,Renters,2024-04-15,Fire,780.24,500.0,280.24,Paid,Candle left unattended started a small bedroom fire.
CLM-101093,POL-1004506,CUST-504506,Auto,2023-10-24,Uninsured Motorist,5275.82,500.0,4775.82,Paid,Rear-ended by an uninsured driver who fled the scene.
CLM-101094,POL-1002078,CUST-502078,Home,2026-02-16,Water Damage,738.91,1000.0,0.0,Paid,"Water heater failed, leaking water across the laundry room floor."
CLM-101095,POL-1002078,CUST-502078,Home,2026-04-07,Fire,58046.64,1000.0,57046.64,Paid,Chimney fire caused attic and roof structure damage.
CLM-101096,POL-1004038,CUST-504038,Home,2024-08-24,Theft,72267.95,250.0,72017.95,Paid,Lawnmower and power tools stolen from locked backyard shed.
CLM-101097,POL-1004846,CUST-504846,Auto,2023-11-08,Uninsured Motorist,5150.61,5000.0,150.61,Paid,Rear-ended by an uninsured driver who fled the scene.
CLM-101099,POL-1004479,CUST-504479,Boat,2025-05-27,Storm Damage,3260.39,5000.0,0.0,Paid,Boat filled with water and sank at its slip during a heavy storm.
CLM-101098,POL-1004479,CUST-504479,Boat,2026-02-27,Collision,34478.98,5000.0,29478.98,Paid,"Collided with a floating log in the lake, damaging the hull."
CLM-101100,POL-1001746,CUST-501746,Auto,2024-12-03,Liability,500.0,2500.0,0.0,Paid,Third-party property damage to a storefront fence.
CLM-101101,POL-1000019,CUST-500019,Auto,2022-10-26,Liability,8696.29,2500.0,6196.29,Paid,Backed into neighbor's parked car causing bumper damage.
CLM-101102,POL-1001322,CUST-501322,Life,2025-05-26,Death Benefit,366000.0,2500.0,366000.0,Paid,Passed away due to natural causes.
CLM-101103,POL-1003567,CUST-503567,Home,2022-09-13,Liability,18584.74,5000.0,13584.74,Paid,Mail carrier slipped on icy front steps and sprained ankle.
CLM-101105,POL-1002521,CUST-502521,Auto,2025-03-22,Liability,2693.2,2500.0,193.2,Paid,Backed into neighbor's parked car causing bumper damage.
CLM-101104,POL-1002521,CUST-502521,Auto,2025-08-11,Uninsured Motorist,11659.6,2500.0,0.0,Denied,Rear-ended by an uninsured driver who fled the scene.
CLM-101106,POL-1000218,CUST-500218,Auto,2025-11-20,Comprehensive,10878.61,5000.0,5878.61,Paid,Hail storm caused extensive denting on hood and roof.
CLM-101107,POL-1001487,CUST-501487,Auto,2022-11-19,Uninsured Motorist,6376.09,5000.0,0.0,Denied,Rear-ended by an uninsured driver who fled the scene.
CLM-101108,POL-1001487,CUST-501487,Auto,2023-06-20,Collision,23631.11,5000.0,18631.11,Paid,Collided with a stationary utility pole while parking.
CLM-101109,POL-1000438,CUST-500438,Auto,2025-01-06,Uninsured Motorist,7526.49,5000.0,2526.49,Paid,Rear-ended by an uninsured driver who fled the scene.
CLM-101110,POL-1004174,CUST-504174,Auto,2025-08-22,Collision,9057.72,1000.0,8057.72,Paid,Multi-vehicle accident on wet roadway.
CLM-101111,POL-1002750,CUST-502750,Life,2024-01-02,Death Benefit,693000.0,2500.0,693000.0,Paid,Fatal cardiovascular event.
CLM-101112,POL-1003288,CUST-503288,Renters,2023-08-06,Fire,2752.87,5000.0,0.0,Paid,"Toaster oven caught fire, causing kitchen smoke damage."
CLM-101113,POL-1003433,CUST-503433,Auto,2024-12-14,Liability,1681.38,5000.0,0.0,Paid,"Ran a stop sign and hit a bicyclist, causing minor injuries."
CLM-101114,POL-1002525,CUST-502525,Life,2025-06-20,Death Benefit,1832000.0,2500.0,1832000.0,Paid,Fatal cardiovascular event.
CLM-101115,POL-1004650,CUST-504650,Life,2022-09-19,Death Benefit,1436000.0,2500.0,1436000.0,Paid,Fatal cardiovascular event.
CLM-101116,POL-1003688,CUST-503688,Auto,2024-09-28,Collision,7046.64,5000.0,2046.64,Paid,Collided with a stationary utility pole while parking.
CLM-101117,POL-1002763,CUST-502763,Auto,2025-10-19,Comprehensive,542.63,500.0,42.63,Paid,Hail storm caused extensive denting on hood and roof.
CLM-101118,POL-1000802,CUST-500802,Life,2026-02-06,Death Benefit,472000.0,2500.0,472000.0,Paid,Accidental death in a domestic incident.
CLM-101119,POL-1002997,CUST-502997,Life,2023-10-07,Death Benefit,82000.0,1000.0,82000.0,Paid,Fatal cardiovascular event.
CLM-101120,POL-1002997,CUST-502997,Life,2024-09-10,Death Benefit,82000.0,1000.0,82000.0,Paid,Accidental death in a domestic incident.
CLM-101121,POL-1002228,CUST-502228,Life,2026-01-17,Death Benefit,1551000.0,5000.0,1551000.0,Paid,Passed away due to natural causes.
CLM-101122,POL-1004785,CUST-504785,Auto,2023-03-07,Liability,4014.28,250.0,3764.28,Paid,Third-party property damage to a storefront fence.
CLM-101123,POL-1004785,CUST-504785,Auto,2023-12-08,Collision,2618.53,250.0,2368.53,Paid,Collided with a stationary utility pole while parking.
CLM-101124,POL-1002077,CUST-502077,Auto,2022-10-29,Comprehensive,500.0,5000.0,0.0,Paid,Windshield cracked by a rock flying from a dump truck.
CLM-101125,POL-1002077,CUST-502077,Auto,2023-02-05,Comprehensive,6776.6,5000.0,1776.6,Paid,Collided with a deer crossing the road at night.
CLM-101126,POL-1000582,CUST-500582,Life,2023-07-14,Death Benefit,618000.0,1000.0,618000.0,Paid,Passed away from complications of pneumonia.
CLM-101127,POL-1000203,CUST-500203,Auto,2024-02-08,Comprehensive,2419.97,250.0,2169.97,Paid,Windshield cracked by a rock flying from a dump truck.
CLM-101128,POL-1004346,CUST-504346,Home,2025-11-15,Theft,500.0,250.0,250.0,Paid,Porch pirate stole high-value packages delivered to front door.
CLM-101129,POL-1004346,CUST-504346,Home,2026-04-13,Water Damage,18852.85,250.0,18602.85,Paid,Burst pipe in the upstairs bathroom flooded the ceiling below.
CLM-101130,POL-1003478,CUST-503478,Motorcycle,2023-06-09,Collision,8013.87,500.0,7513.87,Paid,"Lost control on gravel curve, laying down the motorcycle."
CLM-101131,POL-1002929,CUST-502929,Life,2025-12-30,Death Benefit,494000.0,2500.0,494000.0,Paid,Passed away due to natural causes.
CLM-101132,POL-1002929,CUST-502929,Life,2026-01-24,Death Benefit,494000.0,2500.0,494000.0,Paid,Fatal cardiovascular event.
CLM-101133,POL-1003085,CUST-503085,Renters,2022-07-10,Fire,1335.62,500.0,835.62,Paid,Candle left unattended started a small bedroom fire.
CLM-101134,POL-1001018,CUST-501018,Life,2026-03-11,Death Benefit,961000.0,5000.0,961000.0,Paid,Passed away due to natural causes.
CLM-101135,POL-1001583,CUST-501583,Auto,2025-11-27,Collision,3856.41,5000.0,0.0,Paid,Collided with a stationary utility pole while parking.
CLM-101136,POL-1001032,CUST-501032,Umbrella,2025-02-18,Liability,588.27,2500.0,0.0,Paid,Excess liability claim following a major multi-car auto accident.
CLM-101137,POL-1001718,CUST-501718,Auto,2026-01-21,Liability,15244.51,1000.0,14244.51,Paid,Backed into neighbor's parked car causing bumper damage.
CLM-101138,POL-1001281,CUST-501281,Renters,2021-08-09,Fire,1121.72,500.0,621.72,Paid,Candle left unattended started a small bedroom fire.
CLM-101139,POL-1002498,CUST-502498,Motorcycle,2026-01-26,Liability,4826.86,2500.0,2326.86,Paid,Accidentally scraped side of a parked luxury sedan.
CLM-101140,POL-1003350,CUST-503350,Auto,2023-04-13,Uninsured Motorist,1118.25,2500.0,0.0,Paid,Rear-ended by an uninsured driver who fled the scene.
CLM-101141,POL-1000517,CUST-500517,Boat,2025-06-14,Theft,18329.83,250.0,18079.83,Paid,Fishing gear and GPS equipment stolen from locked cabin.
CLM-101142,POL-1001747,CUST-501747,Umbrella,2024-10-23,Liability,134216.5,500.0,133716.5,Paid,Excess liability claim following a major multi-car auto accident.
CLM-101144,POL-1004652,CUST-504652,Auto,2024-07-13,Uninsured Motorist,6846.65,5000.0,1846.65,Paid,Rear-ended by an uninsured driver who fled the scene.
CLM-101143,POL-1004652,CUST-504652,Auto,2026-04-18,Comprehensive,10954.99,5000.0,5954.99,Under Review,Collided with a deer crossing the road at night.
CLM-101145,POL-1003732,CUST-503732,Auto,2023-09-28,Comprehensive,6382.46,500.0,5882.46,Paid,Collided with a deer crossing the road at night.
CLM-101146,POL-1000668,CUST-500668,Home,2023-11-03,Theft,500.0,5000.0,0.0,Paid,Porch pirate stole high-value packages delivered to front door.
CLM-101147,POL-1004059,CUST-504059,Boat,2024-07-04,Collision,2526.43,250.0,2276.43,Paid,"Collided with a floating log in the lake, damaging the hull."
CLM-101148,POL-1003026,CUST-503026,Auto,2022-09-27,Uninsured Motorist,1566.95,2500.0,0.0,Paid,Rear-ended by an uninsured driver who fled the scene.
CLM-101149,POL-1004932,CUST-504932,Auto,2025-03-04,Comprehensive,1233.1,500.0,733.1,Paid,Vehicle vandalized with spray paint in a public parking lot.
CLM-101151,POL-1003286,CUST-503286,Renters,2025-10-28,Fire,5348.08,250.0,5098.08,Paid,"Toaster oven caught fire, causing kitchen smoke damage."
CLM-101150,POL-1003286,CUST-503286,Renters,2026-05-05,Theft,4078.78,250.0,3828.78,Approved,Bicycle stolen from the apartment complex bike rack.
CLM-101152,POL-1002650,CUST-502650,Renters,2022-02-15,Water Damage,5506.92,2500.0,0.0,Denied,Bathtub overflow from the apartment above leaked through ceiling.
CLM-101153,POL-1004453,CUST-504453,Renters,2022-06-14,Fire,500.0,1000.0,0.0,Paid,Candle left unattended started a small bedroom fire.
CLM-101154,POL-1003192,CUST-503192,Auto,2022-04-10,Liability,1531.32,1000.0,0.0,Denied,Third-party property damage to a storefront fence.
CLM-101155,POL-1002124,CUST-502124,Home,2022-11-08,Wind/Hail,4886.93,2500.0,0.0,Denied,Hail storm damaged vinyl siding and cracked windows.
CLM-101156,POL-1003375,CUST-503375,Home,2025-12-19,Theft,1631.82,2500.0,0.0,Paid,Porch pirate stole high-value packages delivered to front door.
CLM-101157,POL-1003392,CUST-503392,Auto,2022-02-28,Comprehensive,533.4,500.0,0.0,Denied,Vehicle vandalized with spray paint in a public parking lot.
CLM-101158,POL-1003485,CUST-503485,Life,2021-07-23,Death Benefit,1010000.0,1000.0,1010000.0,Paid,Fatal cardiovascular event.
CLM-101159,POL-1000759,CUST-500759,Auto,2025-09-04,Collision,7547.89,2500.0,5047.89,Paid,Collided with a stationary utility pole while parking.
CLM-101160,POL-1003379,CUST-503379,Renters,2022-03-09,Fire,2864.35,2500.0,364.35,Paid,"Toaster oven caught fire, causing kitchen smoke damage."
CLM-101161,POL-1004440,CUST-504440,Home,2023-02-26,Water Damage,23120.94,250.0,22870.94,Paid,Burst pipe in the upstairs bathroom flooded the ceiling below.
CLM-101162,POL-1002526,CUST-502526,Auto,2026-01-22,Liability,500.0,500.0,0.0,Paid,Third-party property damage to a storefront fence.
CLM-101163,POL-1004858,CUST-504858,Life,2024-09-16,Death Benefit,1535000.0,5000.0,1535000.0,Paid,Passed away due to natural causes.
CLM-101164,POL-1000907,CUST-500907,Life,2025-06-13,Death Benefit,631000.0,1000.0,631000.0,Paid,Fatal cardiovascular event.
CLM-101165,POL-1002683,CUST-502683,Auto,2025-05-11,Uninsured Motorist,2566.18,2500.0,66.18,Paid,Hit-and-run incident in a shopping mall parking structure.
CLM-101167,POL-1000214,CUST-500214,Auto,2025-04-26,Collision,6646.11,250.0,6396.11,Paid,Collided with a stationary utility pole while parking.
CLM-101166,POL-1000214,CUST-500214,Auto,2025-06-08,Uninsured Motorist,22670.91,250.0,22420.91,Paid,Rear-ended by an uninsured driver who fled the scene.
CLM-101168,POL-1003331,CUST-503331,Auto,2025-09-12,Comprehensive,1067.85,2500.0,0.0,Paid,Windshield cracked by a rock flying from a dump truck.
CLM-101169,POL-1004458,CUST-504458,Home,2025-12-30,Theft,7520.68,1000.0,6520.68,Paid,Break-in through rear window; jewelry and electronics stolen.
CLM-101170,POL-1000693,CUST-500693,Home,2024-05-08,Liability,5204.09,250.0,4954.09,Paid,Mail carrier slipped on icy front steps and sprained ankle.
CLM-101172,POL-1000693,CUST-500693,Home,2025-06-07,Water Damage,24712.39,250.0,24462.39,Paid,"Water heater failed, leaking water across the laundry room floor."
CLM-101171,POL-1000693,CUST-500693,Home,2025-09-06,Water Damage,2597.52,250.0,2347.52,Paid,"Water heater failed, leaking water across the laundry room floor."
CLM-101173,POL-1001503,CUST-501503,Auto,2023-10-08,Collision,12424.44,250.0,12174.44,Paid,Collided with a stationary utility pole while parking.
CLM-101176,POL-1002414,CUST-502414,Renters,2022-03-25,Fire,500.0,1000.0,0.0,Paid,"Toaster oven caught fire, causing kitchen smoke damage."
CLM-101175,POL-1002414,CUST-502414,Renters,2022-04-13,Water Damage,792.13,1000.0,0.0,Paid,Bathtub overflow from the apartment above leaked through ceiling.
CLM-101174,POL-1002414,CUST-502414,Renters,2022-12-13,Water Damage,6955.18,1000.0,5955.18,Paid,Leaking pipe in the wall damaged living room furniture.
CLM-101178,POL-1002118,CUST-502118,Auto,2022-01-24,Liability,6133.84,250.0,0.0,Denied,Backed into neighbor's parked car causing bumper damage.
CLM-101177,POL-1002118,CUST-502118,Auto,2022-06-19,Collision,5685.34,250.0,5435.34,Paid,Sideswiped by another vehicle merging onto the highway.
CLM-101179,POL-1003858,CUST-503858,Home,2023-04-26,Theft,41443.06,5000.0,36443.06,Paid,Porch pirate stole high-value packages delivered to front door.
CLM-101180,POL-1002462,CUST-502462,Auto,2025-09-01,Liability,11765.37,5000.0,6765.37,Paid,Backed into neighbor's parked car causing bumper damage.
CLM-101181,POL-1002462,CUST-502462,Auto,2026-04-15,Liability,2133.66,5000.0,0.0,Under Review,Backed into neighbor's parked car causing bumper damage.
CLM-101182,POL-1003635,CUST-503635,Motorcycle,2024-06-14,Liability,930.19,2500.0,0.0,Denied,Passenger injured when motorcycle slid on wet leaves.
CLM-101183,POL-1004105,CUST-504105,Renters,2025-05-24,Fire,7667.77,2500.0,5167.77,Paid,"Toaster oven caught fire, causing kitchen smoke damage."
CLM-101184,POL-1004478,CUST-504478,Home,2024-10-11,Water Damage,68395.26,5000.0,63395.26,Paid,"Dishwasher overflowed, damaging kitchen hardwood floors."
CLM-101185,POL-1000196,CUST-500196,Auto,2023-10-27,Uninsured Motorist,897.22,250.0,647.22,Paid,Rear-ended by an uninsured driver who fled the scene.
CLM-101186,POL-1004667,CUST-504667,Life,2021-10-11,Death Benefit,271000.0,250.0,271000.0,Paid,Fatal cardiovascular event.
CLM-101187,POL-1001543,CUST-501543,Life,2023-11-07,Death Benefit,1782000.0,250.0,1782000.0,Paid,Fatal cardiovascular event.
CLM-101188,POL-1001330,CUST-501330,Auto,2023-07-04,Collision,5779.82,500.0,5279.82,Paid,Collided with a stationary utility pole while parking.
CLM-101190,POL-1000879,CUST-500879,Renters,2025-08-03,Water Damage,2051.66,1000.0,1051.66,Paid,Bathtub overflow from the apartment above leaked through ceiling.
CLM-101189,POL-1000879,CUST-500879,Renters,2025-10-08,Fire,1483.48,1000.0,483.48,Paid,Candle left unattended started a small bedroom fire.
CLM-101191,POL-1004502,CUST-504502,Auto,2023-12-02,Collision,3903.38,2500.0,1403.38,Paid,Sideswiped by another vehicle merging onto the highway.
CLM-101192,POL-1003501,CUST-503501,Auto,2025-12-14,Comprehensive,907.56,250.0,657.56,Paid,Windshield cracked by a rock flying from a dump truck.
CLM-101193,POL-1003894,CUST-503894,Life,2024-12-25,Death Benefit,474000.0,1000.0,0.0,Denied,Passed away due to natural causes.
CLM-101194,POL-1004990,CUST-504990,Auto,2024-11-20,Collision,3700.01,5000.0,0.0,Paid,Rear-end collision at a traffic intersection.
CLM-101196,POL-1000887,CUST-500887,Auto,2026-02-16,Uninsured Motorist,1791.47,5000.0,0.0,Paid,Hit-and-run incident in a shopping mall parking structure.
CLM-101195,POL-1000887,CUST-500887,Auto,2026-03-16,Uninsured Motorist,13480.42,5000.0,8480.42,Paid,Hit-and-run incident in a shopping mall parking structure.
CLM-101197,POL-1001345,CUST-501345,Home,2024-09-30,Fire,9146.45,1000.0,8146.45,Paid,Chimney fire caused attic and roof structure damage.
CLM-101198,POL-1000068,CUST-500068,Auto,2023-12-01,Collision,4462.05,500.0,3962.05,Paid,Multi-vehicle accident on wet roadway.
CLM-101199,POL-1004210,CUST-504210,Life,2024-03-08,Death Benefit,829000.0,250.0,829000.0,Paid,Fatal cardiovascular event.
CLM-101200,POL-1001815,CUST-501815,Auto,2025-03-05,Collision,5205.05,2500.0,2705.05,Paid,Rear-end collision at a traffic intersection.
CLM-101201,POL-1000568,CUST-500568,Auto,2024-06-01,Collision,9743.91,5000.0,4743.91,Paid,Sideswiped by another vehicle merging onto the highway.
CLM-101202,POL-1002167,CUST-502167,Auto,2021-12-22,Collision,624.76,1000.0,0.0,Paid,Rear-end collision at a traffic intersection.
CLM-101204,POL-1000096,CUST-500096,Life,2024-01-23,Death Benefit,86000.0,250.0,0.0,Denied,Passed away due to natural causes.
CLM-101203,POL-1000096,CUST-500096,Life,2024-04-25,Death Benefit,86000.0,250.0,86000.0,Paid,Accidental death in a domestic incident.
CLM-101205,POL-1004181,CUST-504181,Auto,2022-11-24,Uninsured Motorist,14760.45,250.0,14510.45,Paid,Rear-ended by an uninsured driver who fled the scene.
CLM-101206,POL-1003353,CUST-503353,Auto,2024-07-01,Comprehensive,5717.96,250.0,5467.96,Paid,Hail storm caused extensive denting on hood and roof.
CLM-101207,POL-1000139,CUST-500139,Renters,2024-12-08,Theft,5640.49,1000.0,4640.49,Paid,"Apartment burglary; laptop, tablet, and gaming console stolen."
CLM-101208,POL-1000139,CUST-500139,Renters,2025-03-07,Theft,500.0,1000.0,0.0,Paid,"Apartment burglary; laptop, tablet, and gaming console stolen."
CLM-101210,POL-1004954,CUST-504954,Auto,2024-03-10,Liability,9129.66,250.0,8879.66,Paid,Backed into neighbor's parked car causing bumper damage.
CLM-101209,POL-1004954,CUST-504954,Auto,2024-04-11,Liability,6029.81,250.0,5779.81,Paid,Third-party property damage to a storefront fence.
CLM-101211,POL-1002602,CUST-502602,Auto,2026-03-28,Collision,11512.43,5000.0,6512.43,Paid,Multi-vehicle accident on wet roadway.
CLM-101212,POL-1004023,CUST-504023,Auto,2024-11-23,Uninsured Motorist,2562.56,500.0,2062.56,Paid,Rear-ended by an uninsured driver who fled the scene.
CLM-101213,POL-1004772,CUST-504772,Home,2024-12-25,Fire,58412.86,250.0,58162.86,Paid,Grease fire in the kitchen caused severe cabinet and smoke damage.
CLM-101214,POL-1001606,CUST-501606,Home,2024-01-25,Wind/Hail,65433.82,1000.0,64433.82,Paid,Hail storm damaged vinyl siding and cracked windows.
CLM-101215,POL-1001629,CUST-501629,Home,2024-07-10,Liability,35168.59,500.0,34668.59,Paid,Family dog bit a neighbor visiting the backyard.
CLM-101216,POL-1001539,CUST-501539,Auto,2022-12-20,Collision,832.88,250.0,582.88,Paid,Rear-end collision at a traffic intersection.
CLM-101218,POL-1001694,CUST-501694,Life,2022-01-13,Death Benefit,1787000.0,5000.0,1787000.0,Paid,Passed away due to natural causes.
CLM-101217,POL-1001694,CUST-501694,Life,2022-03-18,Death Benefit,1787000.0,5000.0,1787000.0,Paid,Passed away from complications of pneumonia.
CLM-101219,POL-1002059,CUST-502059,Auto,2024-09-16,Uninsured Motorist,6377.91,500.0,5877.91,Paid,Hit-and-run incident in a shopping mall parking structure.
CLM-101220,POL-1002059,CUST-502059,Auto,2025-03-20,Liability,3853.21,500.0,3353.21,Paid,Backed into neighbor's parked car causing bumper damage.
CLM-101221,POL-1000463,CUST-500463,Auto,2026-04-23,Uninsured Motorist,15836.78,2500.0,13336.78,Paid,Rear-ended by an uninsured driver who fled the scene.
CLM-101222,POL-1002330,CUST-502330,Auto,2026-02-16,Uninsured Motorist,1384.59,250.0,1134.59,Paid,Hit-and-run incident in a shopping mall parking structure.
CLM-101223,POL-1003043,CUST-503043,Auto,2026-01-17,Uninsured Motorist,500.0,250.0,250.0,Paid,Rear-ended by an uninsured driver who fled the scene.
CLM-101224,POL-1004734,CUST-504734,Auto,2023-08-13,Uninsured Motorist,11323.78,250.0,11073.78,Paid,Hit-and-run incident in a shopping mall parking structure.
CLM-101225,POL-1000594,CUST-500594,Renters,2025-12-13,Theft,3086.02,1000.0,2086.02,Paid,Bicycle stolen from the apartment complex bike rack.
CLM-101226,POL-1003814,CUST-503814,Home,2026-04-19,Wind/Hail,8575.23,250.0,8325.23,Paid,Severe thunderstorm tore off several roof shingles.
CLM-101227,POL-1000625,CUST-500625,Auto,2022-10-23,Collision,9927.7,2500.0,0.0,Denied,Rear-end collision at a traffic intersection.
CLM-101229,POL-1000450,CUST-500450,Umbrella,2023-11-01,Liability,14659.65,2500.0,12159.65,Paid,Settlement for personal injury lawsuit stemming from rental property.
CLM-101228,POL-1000450,CUST-500450,Umbrella,2024-06-27,Liability,41747.98,2500.0,0.0,Denied,Defamation lawsuit settlement.
CLM-101230,POL-1001499,CUST-501499,Umbrella,2026-02-05,Liability,153776.0,1000.0,152776.0,Paid,Defamation lawsuit settlement.
CLM-101231,POL-1001499,CUST-501499,Umbrella,2026-04-30,Liability,51968.99,1000.0,50968.99,Under Review,Defamation lawsuit settlement.
CLM-101232,POL-1002456,CUST-502456,Auto,2022-09-23,Uninsured Motorist,3074.06,1000.0,0.0,Denied,Hit-and-run incident in a shopping mall parking structure.
CLM-101233,POL-1004722,CUST-504722,Auto,2023-03-26,Uninsured Motorist,16363.19,500.0,15863.19,Paid,Rear-ended by an uninsured driver who fled the scene.
CLM-101234,POL-1004722,CUST-504722,Auto,2025-08-09,Comprehensive,9403.13,500.0,0.0,Denied,Windshield cracked by a rock flying from a dump truck.
CLM-101236,POL-1002984,CUST-502984,Auto,2021-10-30,Comprehensive,629.15,500.0,129.15,Paid,Vehicle vandalized with spray paint in a public parking lot.
CLM-101235,POL-1002984,CUST-502984,Auto,2022-02-28,Comprehensive,4279.95,500.0,3779.95,Paid,Vehicle vandalized with spray paint in a public parking lot.
CLM-101237,POL-1001569,CUST-501569,Motorcycle,2021-09-17,Comprehensive,13272.5,1000.0,12272.5,Paid,Motorcycle blown over and damaged during a windstorm.
CLM-101238,POL-1001034,CUST-501034,Renters,2025-10-09,Theft,1905.73,5000.0,0.0,Paid,"Apartment burglary; laptop, tablet, and gaming console stolen."
CLM-101239,POL-1003518,CUST-503518,Home,2024-12-25,Liability,27890.09,250.0,27640.09,Paid,Family dog bit a neighbor visiting the backyard.
CLM-101240,POL-1001557,CUST-501557,Auto,2025-07-18,Collision,3479.45,2500.0,979.45,Paid,Rear-end collision at a traffic intersection.
CLM-101241,POL-1003624,CUST-503624,Home,2024-12-04,Liability,52472.2,500.0,51972.2,Paid,Family dog bit a neighbor visiting the backyard.
CLM-101243,POL-1004664,CUST-504664,Motorcycle,2025-04-16,Comprehensive,11343.6,250.0,11093.6,Paid,Motorcycle blown over and damaged during a windstorm.
CLM-101242,POL-1004664,CUST-504664,Motorcycle,2025-05-02,Comprehensive,3223.01,250.0,2973.01,Paid,Motorcycle stolen from apartment complex parking lot.
CLM-101244,POL-1000150,CUST-500150,Home,2023-04-27,Liability,4347.91,5000.0,0.0,Paid,Guest tripped over a loose rug and fractured their wrist.
CLM-101245,POL-1001420,CUST-501420,Life,2024-11-14,Death Benefit,1702000.0,500.0,1702000.0,Paid,Passed away due to natural causes.
CLM-101246,POL-1002011,CUST-502011,Life,2021-12-24,Death Benefit,847000.0,2500.0,847000.0,Paid,Fatal cardiovascular event.
CLM-101247,POL-1002686,CUST-502686,Auto,2025-07-20,Collision,8662.31,2500.0,6162.31,Paid,Rear-end collision at a traffic intersection.
CLM-101248,POL-1001786,CUST-501786,Home,2024-02-24,Wind/Hail,29281.66,2500.0,26781.66,Paid,Hail storm damaged vinyl siding and cracked windows.
CLM-101249,POL-1000088,CUST-500088,Life,2022-08-22,Death Benefit,1941000.0,5000.0,1941000.0,Paid,Accidental death in a domestic incident.
CLM-101250,POL-1000457,CUST-500457,Life,2024-01-22,Death Benefit,1727000.0,1000.0,1727000.0,Paid,Accidental death in a domestic incident.
CLM-101251,POL-1001305,CUST-501305,Auto,2025-09-11,Uninsured Motorist,500.0,500.0,0.0,Paid,Rear-ended by an uninsured driver who fled the scene.
CLM-101252,POL-1002925,CUST-502925,Home,2024-10-14,Fire,30871.73,1000.0,29871.73,Paid,Electrical fire in the garage damaged walls and tools.
CLM-101253,POL-1003270,CUST-503270,Home,2023-10-25,Liability,58208.37,500.0,57708.37,Paid,Guest tripped over a loose rug and fractured their wrist.
CLM-101255,POL-1003227,CUST-503227,Renters,2023-01-02,Fire,1482.71,1000.0,482.71,Paid,"Toaster oven caught fire, causing kitchen smoke damage."
CLM-101254,POL-1003227,CUST-503227,Renters,2023-06-16,Water Damage,1035.94,1000.0,35.94,Paid,Bathtub overflow from the apartment above leaked through ceiling.
CLM-101256,POL-1001988,CUST-501988,Home,2025-12-14,Water Damage,12846.32,1000.0,11846.32,Paid,Burst pipe in the upstairs bathroom flooded the ceiling below.
CLM-101257,POL-1003754,CUST-503754,Umbrella,2025-02-27,Liability,143912.92,500.0,143412.92,Paid,Settlement for personal injury lawsuit stemming from rental property.
CLM-101258,POL-1003646,CUST-503646,Auto,2023-05-21,Liability,13235.19,500.0,12735.19,Paid,"Ran a stop sign and hit a bicyclist, causing minor injuries."
CLM-101259,POL-1000831,CUST-500831,Auto,2024-07-14,Liability,4844.23,5000.0,0.0,Paid,"Ran a stop sign and hit a bicyclist, causing minor injuries."
CLM-101260,POL-1000239,CUST-500239,Auto,2023-02-18,Comprehensive,45976.14,1000.0,44976.14,Paid,Vehicle vandalized with spray paint in a public parking lot.
CLM-101261,POL-1000239,CUST-500239,Auto,2024-04-07,Uninsured Motorist,15900.1,1000.0,14900.1,Paid,Hit-and-run incident in a shopping mall parking structure.
CLM-101262,POL-1004681,CUST-504681,Auto,2025-04-16,Uninsured Motorist,5638.08,5000.0,638.08,Paid,Rear-ended by an uninsured driver who fled the scene.
CLM-101263,POL-1003022,CUST-503022,Life,2025-08-29,Death Benefit,522000.0,5000.0,522000.0,Paid,Fatal cardiovascular event.
CLM-101264,POL-1003022,CUST-503022,Life,2025-12-19,Death Benefit,522000.0,5000.0,522000.0,Paid,Passed away from complications of pneumonia.
CLM-101266,POL-1003148,CUST-503148,Auto,2024-03-15,Liability,4747.43,1000.0,3747.43,Paid,Third-party property damage to a storefront fence.
CLM-101265,POL-1003148,CUST-503148,Auto,2026-04-27,Collision,12689.2,1000.0,11689.2,Under Review,Collided with a stationary utility pole while parking.
CLM-101267,POL-1001946,CUST-501946,Home,2026-02-03,Theft,15765.99,2500.0,13265.99,Paid,Break-in through rear window; jewelry and electronics stolen.
CLM-101268,POL-1002775,CUST-502775,Renters,2024-08-19,Water Damage,8751.24,250.0,8501.24,Paid,Leaking pipe in the wall damaged living room furniture.
CLM-101269,POL-1000192,CUST-500192,Auto,2024-12-13,Comprehensive,4139.8,1000.0,3139.8,Paid,Vehicle vandalized with spray paint in a public parking lot.
CLM-101270,POL-1004849,CUST-504849,Auto,2025-02-07,Comprehensive,2669.76,500.0,2169.76,Paid,Windshield cracked by a rock flying from a dump truck.
CLM-101271,POL-1004939,CUST-504939,Renters,2026-01-06,Theft,2391.73,1000.0,1391.73,Paid,Bicycle stolen from the apartment complex bike rack.
CLM-101272,POL-1000944,CUST-500944,Home,2026-04-25,Water Damage,6936.47,250.0,6686.47,Approved,"Water heater failed, leaking water across the laundry room floor."
CLM-101273,POL-1001268,CUST-501268,Auto,2024-07-31,Uninsured Motorist,500.0,2500.0,0.0,Paid,Hit-and-run incident in a shopping mall parking structure.
CLM-101274,POL-1004231,CUST-504231,Renters,2022-07-28,Water Damage,1001.29,2500.0,0.0,Paid,Leaking pipe in the wall damaged living room furniture.
CLM-101275,POL-1004231,CUST-504231,Renters,2023-03-27,Fire,500.0,2500.0,0.0,Denied,"Toaster oven caught fire, causing kitchen smoke damage."
CLM-101276,POL-1004231,CUST-504231,Renters,2024-05-18,Theft,8299.15,2500.0,5799.15,Paid,Bicycle stolen from the apartment complex bike rack.
CLM-101277,POL-1002307,CUST-502307,Home,2026-04-27,Liability,7453.78,500.0,6953.78,Under Review,Family dog bit a neighbor visiting the backyard.
CLM-101278,POL-1004424,CUST-504424,Motorcycle,2023-08-08,Collision,2473.55,2500.0,0.0,Paid,Car turned left in front of motorcycle at an intersection.
CLM-101279,POL-1004711,CUST-504711,Auto,2025-06-23,Collision,5941.3,250.0,5691.3,Paid,Sideswiped by another vehicle merging onto the highway.
CLM-101280,POL-1002313,CUST-502313,Auto,2025-03-23,Uninsured Motorist,41762.24,5000.0,36762.24,Paid,Rear-ended by an uninsured driver who fled the scene.
CLM-101281,POL-1003214,CUST-503214,Home,2023-03-04,Liability,15051.33,500.0,14551.33,Paid,Mail carrier slipped on icy front steps and sprained ankle.
CLM-101282,POL-1003214,CUST-503214,Home,2023-05-03,Water Damage,9262.13,500.0,8762.13,Paid,"Dishwasher overflowed, damaging kitchen hardwood floors."
CLM-101283,POL-1002732,CUST-502732,Auto,2025-02-02,Liability,8495.85,2500.0,5995.85,Paid,Third-party property damage to a storefront fence.
CLM-101284,POL-1002732,CUST-502732,Auto,2025-05-17,Collision,27471.41,2500.0,24971.41,Paid,Rear-end collision at a traffic intersection.
CLM-101287,POL-1001926,CUST-501926,Auto,2023-01-08,Liability,8727.55,500.0,8227.55,Paid,Third-party property damage to a storefront fence.
CLM-101285,POL-1001926,CUST-501926,Auto,2023-08-23,Comprehensive,44505.96,500.0,44005.96,Paid,Vehicle vandalized with spray paint in a public parking lot.
CLM-101286,POL-1001926,CUST-501926,Auto,2023-12-31,Collision,3000.35,500.0,2500.35,Paid,Collided with a stationary utility pole while parking.
CLM-101290,POL-1004227,CUST-504227,Renters,2025-11-09,Fire,690.05,2500.0,0.0,Paid,"Toaster oven caught fire, causing kitchen smoke damage."
CLM-101288,POL-1004227,CUST-504227,Renters,2025-12-08,Fire,5149.26,2500.0,2649.26,Paid,"Toaster oven caught fire, causing kitchen smoke damage."
CLM-101289,POL-1004227,CUST-504227,Renters,2026-01-15,Fire,500.0,2500.0,0.0,Paid,"Toaster oven caught fire, causing kitchen smoke damage."
CLM-101291,POL-1004676,CUST-504676,Life,2025-04-05,Death Benefit,543000.0,250.0,543000.0,Paid,Passed away due to natural causes.
CLM-101292,POL-1000800,CUST-500800,Home,2023-07-25,Liability,30183.73,500.0,29683.73,Paid,Guest tripped over a loose rug and fractured their wrist.
CLM-101293,POL-1003671,CUST-503671,Auto,2023-12-14,Liability,5416.11,1000.0,4416.11,Paid,"Ran a stop sign and hit a bicyclist, causing minor injuries."
CLM-101294,POL-1003671,CUST-503671,Auto,2024-05-21,Collision,7015.15,1000.0,6015.15,Paid,Multi-vehicle accident on wet roadway.
CLM-101295,POL-1004193,CUST-504193,Home,2023-08-14,Fire,1808.88,250.0,1558.88,Paid,Electrical fire in the garage damaged walls and tools.
CLM-101296,POL-1004193,CUST-504193,Home,2024-06-04,Fire,4729.1,250.0,4479.1,Paid,Electrical fire in the garage damaged walls and tools.
CLM-101298,POL-1002968,CUST-502968,Home,2024-06-03,Liability,36094.19,5000.0,31094.19,Paid,Mail carrier slipped on icy front steps and sprained ankle.
CLM-101297,POL-1002968,CUST-502968,Home,2024-09-25,Fire,20192.98,5000.0,15192.98,Paid,Grease fire in the kitchen caused severe cabinet and smoke damage.
CLM-101299,POL-1004793,CUST-504793,Auto,2021-09-10,Uninsured Motorist,1759.68,250.0,0.0,Denied,Hit-and-run incident in a shopping mall parking structure.
CLM-101300,POL-1004793,CUST-504793,Auto,2022-07-26,Comprehensive,10662.15,250.0,10412.15,Paid,Windshield cracked by a rock flying from a dump truck.
CLM-101301,POL-1004368,CUST-504368,Auto,2026-03-24,Liability,5104.17,2500.0,2604.17,Paid,"Ran a stop sign and hit a bicyclist, causing minor injuries."
CLM-101302,POL-1002776,CUST-502776,Motorcycle,2022-02-03,Comprehensive,6846.41,500.0,6346.41,Paid,Motorcycle stolen from apartment complex parking lot.
CLM-101303,POL-1002970,CUST-502970,Renters,2024-08-19,Water Damage,2818.1,2500.0,318.1,Paid,Leaking pipe in the wall damaged living room furniture.
CLM-101304,POL-1002970,CUST-502970,Renters,2025-01-23,Water Damage,1462.26,2500.0,0.0,Paid,Leaking pipe in the wall damaged living room furniture.
CLM-101305,POL-1003867,CUST-503867,Auto,2026-04-21,Uninsured Motorist,2633.9,1000.0,1633.9,Paid,Hit-and-run incident in a shopping mall parking structure.
CLM-101306,POL-1001743,CUST-501743,Home,2024-12-18,Fire,17758.73,500.0,17258.73,Paid,Grease fire in the kitchen caused severe cabinet and smoke damage.
CLM-101307,POL-1003948,CUST-503948,Home,2023-04-04,Water Damage,8482.05,250.0,8232.05,Paid,"Water heater failed, leaking water across the laundry room floor."
CLM-101308,POL-1003802,CUST-503802,Auto,2024-03-22,Uninsured Motorist,15992.71,500.0,15492.71,Paid,Rear-ended by an uninsured driver who fled the scene.
CLM-101309,POL-1002024,CUST-502024,Renters,2022-10-31,Water Damage,3776.94,500.0,3276.94,Paid,Leaking pipe in the wall damaged living room furniture.
CLM-101310,POL-1002274,CUST-502274,Renters,2023-12-29,Fire,5646.18,1000.0,4646.18,Paid,Candle left unattended started a small bedroom fire.
CLM-101311,POL-1000099,CUST-500099,Auto,2024-07-28,Liability,13623.43,1000.0,12623.43,Paid,Backed into neighbor's parked car causing bumper damage.
CLM-101312,POL-1000099,CUST-500099,Auto,2026-01-14,Liability,13191.22,1000.0,12191.22,Paid,"Ran a stop sign and hit a bicyclist, causing minor injuries."
CLM-101313,POL-1004921,CUST-504921,Motorcycle,2024-09-14,Comprehensive,22870.63,1000.0,21870.63,Paid,Motorcycle stolen from apartment complex parking lot.
CLM-101314,POL-1003407,CUST-503407,Auto,2025-02-14,Uninsured Motorist,4056.97,5000.0,0.0,Paid,Rear-ended by an uninsured driver who fled the scene.
CLM-101315,POL-1004245,CUST-504245,Auto,2025-11-01,Collision,1157.87,250.0,907.87,Paid,Rear-end collision at a traffic intersection.
CLM-101316,POL-1004245,CUST-504245,Auto,2025-11-02,Comprehensive,5316.44,250.0,5066.44,Paid,Windshield cracked by a rock flying from a dump truck.
CLM-101317,POL-1004245,CUST-504245,Auto,2026-02-17,Uninsured Motorist,5099.68,250.0,4849.68,Paid,Hit-and-run incident in a shopping mall parking structure.
CLM-101318,POL-1004619,CUST-504619,Home,2022-11-19,Wind/Hail,7351.48,5000.0,0.0,Denied,Severe thunderstorm tore off several roof shingles.
CLM-101319,POL-1004916,CUST-504916,Auto,2024-10-25,Comprehensive,11331.56,1000.0,10331.56,Paid,Collided with a deer crossing the road at night.
CLM-101321,POL-1000191,CUST-500191,Auto,2025-03-08,Comprehensive,2034.59,5000.0,0.0,Paid,Windshield cracked by a rock flying from a dump truck.
CLM-101320,POL-1000191,CUST-500191,Auto,2025-09-15,Uninsured Motorist,17415.76,5000.0,12415.76,Paid,Rear-ended by an uninsured driver who fled the scene.
CLM-101322,POL-1004696,CUST-504696,Auto,2026-04-28,Liability,10603.4,5000.0,5603.4,Under Review,Third-party property damage to a storefront fence.
CLM-101324,POL-1001784,CUST-501784,Auto,2025-02-26,Collision,2777.74,250.0,2527.74,Paid,Multi-vehicle accident on wet roadway.
CLM-101323,POL-1001784,CUST-501784,Auto,2025-04-28,Liability,690.9,250.0,0.0,Denied,Third-party property damage to a storefront fence.
CLM-101325,POL-1001532,CUST-501532,Boat,2023-06-18,Collision,21426.24,250.0,21176.24,Paid,"Collided with a floating log in the lake, damaging the hull."
CLM-101326,POL-1002834,CUST-502834,Life,2025-03-31,Death Benefit,1144000.0,250.0,0.0,Denied,Accidental death in a domestic incident.
CLM-101327,POL-1002834,CUST-502834,Life,2025-10-31,Death Benefit,1144000.0,250.0,1144000.0,Paid,Fatal cardiovascular event.
CLM-101328,POL-1004444,CUST-504444,Auto,2023-08-20,Uninsured Motorist,15407.34,1000.0,14407.34,Paid,Hit-and-run incident in a shopping mall parking structure.
CLM-101329,POL-1004915,CUST-504915,Auto,2022-01-04,Uninsured Motorist,909.06,1000.0,0.0,Paid,Hit-and-run incident in a shopping mall parking structure.
CLM-101330,POL-1001598,CUST-501598,Auto,2026-03-16,Collision,6363.82,5000.0,0.0,Denied,Rear-end collision at a traffic intersection.
CLM-101331,POL-1001779,CUST-501779,Life,2024-05-20,Death Benefit,1795000.0,250.0,1795000.0,Paid,Passed away from complications of pneumonia.
CLM-101332,POL-1004900,CUST-504900,Life,2021-08-14,Death Benefit,56000.0,5000.0,56000.0,Paid,Fatal cardiovascular event.
CLM-101333,POL-1004900,CUST-504900,Life,2021-08-18,Death Benefit,56000.0,5000.0,56000.0,Paid,Fatal cardiovascular event.
CLM-101334,POL-1004900,CUST-504900,Life,2022-03-19,Death Benefit,56000.0,5000.0,56000.0,Paid,Passed away from complications of pneumonia.
CLM-101335,POL-1002574,CUST-502574,Auto,2023-12-19,Collision,3362.69,5000.0,0.0,Paid,Multi-vehicle accident on wet roadway.
CLM-101336,POL-1003398,CUST-503398,Umbrella,2026-02-02,Liability,216998.13,1000.0,215998.13,Paid,Excess liability claim following a major multi-car auto accident.
CLM-101337,POL-1003975,CUST-503975,Auto,2023-05-27,Collision,3669.04,500.0,3169.04,Paid,Sideswiped by another vehicle merging onto the highway.
CLM-101338,POL-1003975,CUST-503975,Auto,2024-08-31,Uninsured Motorist,9522.7,500.0,9022.7,Paid,Hit-and-run incident in a shopping mall parking structure.
CLM-101339,POL-1003770,CUST-503770,Home,2025-08-27,Water Damage,86138.32,250.0,85888.32,Paid,"Water heater failed, leaking water across the laundry room floor."
CLM-101340,POL-1003770,CUST-503770,Home,2026-04-23,Theft,567.63,250.0,317.63,Paid,Lawnmower and power tools stolen from locked backyard shed.
CLM-101341,POL-1000166,CUST-500166,Life,2021-10-18,Death Benefit,896000.0,5000.0,896000.0,Paid,Accidental death in a domestic incident.
CLM-101342,POL-1001751,CUST-501751,Auto,2023-07-02,Comprehensive,5233.07,2500.0,2733.07,Paid,Vehicle vandalized with spray paint in a public parking lot.
CLM-101343,POL-1001479,CUST-501479,Home,2025-12-07,Water Damage,9731.79,250.0,9481.79,Paid,Burst pipe in the upstairs bathroom flooded the ceiling below.
CLM-101344,POL-1001024,CUST-501024,Home,2023-11-27,Liability,66270.81,5000.0,61270.81,Paid,Guest tripped over a loose rug and fractured their wrist.
CLM-101345,POL-1001024,CUST-501024,Home,2024-02-10,Wind/Hail,12560.91,5000.0,7560.91,Paid,Hail storm damaged vinyl siding and cracked windows.
CLM-101348,POL-1001788,CUST-501788,Auto,2024-08-27,Collision,13586.17,500.0,13086.17,Paid,Rear-end collision at a traffic intersection.
CLM-101347,POL-1001788,CUST-501788,Auto,2024-09-04,Liability,12321.88,500.0,11821.88,Paid,Third-party property damage to a storefront fence.
CLM-101346,POL-1001788,CUST-501788,Auto,2024-10-11,Collision,32605.75,500.0,0.0,Denied,Multi-vehicle accident on wet roadway.
CLM-101349,POL-1002264,CUST-502264,Home,2024-03-01,Wind/Hail,34149.1,1000.0,33149.1,Paid,Fallen tree limb damaged the backyard deck during a storm.
CLM-101350,POL-1002473,CUST-502473,Auto,2025-01-25,Collision,4752.99,250.0,4502.99,Paid,Rear-end collision at a traffic intersection.
CLM-101352,POL-1001822,CUST-501822,Life,2024-08-27,Death Benefit,1322000.0,1000.0,1322000.0,Paid,Accidental death in a domestic incident.
CLM-101351,POL-1001822,CUST-501822,Life,2025-06-23,Death Benefit,1322000.0,1000.0,1322000.0,Paid,Accidental death in a domestic incident.
CLM-101353,POL-1001220,CUST-501220,Auto,2024-10-22,Comprehensive,500.0,500.0,0.0,Paid,Vehicle vandalized with spray paint in a public parking lot.
CLM-101354,POL-1001666,CUST-501666,Auto,2025-10-01,Collision,4519.22,250.0,4269.22,Paid,Sideswiped by another vehicle merging onto the highway.
CLM-101357,POL-1002960,CUST-502960,Auto,2022-12-27,Collision,5997.67,250.0,5747.67,Paid,Sideswiped by another vehicle merging onto the highway.
CLM-101355,POL-1002960,CUST-502960,Auto,2023-06-07,Collision,8607.8,250.0,8357.8,Paid,Sideswiped by another vehicle merging onto the highway.
CLM-101356,POL-1002960,CUST-502960,Auto,2023-09-18,Comprehensive,883.55,250.0,633.55,Paid,Hail storm caused extensive denting on hood and roof.
CLM-101358,POL-1000152,CUST-500152,Home,2023-10-08,Wind/Hail,65664.48,1000.0,0.0,Denied,Hail storm damaged vinyl siding and cracked windows.
CLM-101359,POL-1000152,CUST-500152,Home,2023-11-20,Liability,20232.24,1000.0,19232.24,Paid,Mail carrier slipped on icy front steps and sprained ankle.
CLM-101362,POL-1002534,CUST-502534,Life,2023-04-21,Death Benefit,1909000.0,250.0,1909000.0,Paid,Accidental death in a domestic incident.
CLM-101360,POL-1002534,CUST-502534,Life,2023-06-12,Death Benefit,1909000.0,250.0,1909000.0,Paid,Passed away from complications of pneumonia.
CLM-101361,POL-1002534,CUST-502534,Life,2024-01-24,Death Benefit,1909000.0,250.0,1909000.0,Paid,Passed away from complications of pneumonia.
CLM-101363,POL-1004688,CUST-504688,Umbrella,2024-05-02,Liability,339206.21,250.0,338956.21,Paid,Settlement for personal injury lawsuit stemming from rental property.
CLM-101364,POL-1001978,CUST-501978,Auto,2023-01-30,Collision,27104.45,5000.0,22104.45,Paid,Rear-end collision at a traffic intersection.
CLM-101365,POL-1001469,CUST-501469,Home,2024-08-20,Wind/Hail,8665.47,5000.0,3665.47,Paid,Severe thunderstorm tore off several roof shingles.
CLM-101366,POL-1002807,CUST-502807,Home,2024-05-26,Theft,1867.57,500.0,1367.57,Paid,Break-in through rear window; jewelry and electronics stolen.
CLM-101367,POL-1002512,CUST-502512,Auto,2022-07-17,Collision,5231.7,2500.0,2731.7,Paid,Rear-end collision at a traffic intersection.
CLM-101368,POL-1002943,CUST-502943,Home,2022-04-28,Water Damage,14578.15,1000.0,13578.15,Paid,"Water heater failed, leaking water across the laundry room floor."
CLM-101369,POL-1002980,CUST-502980,Renters,2026-03-28,Fire,500.0,250.0,250.0,Paid,"Toaster oven caught fire, causing kitchen smoke damage."
CLM-101371,POL-1004822,CUST-504822,Auto,2024-08-14,Liability,3093.93,5000.0,0.0,Paid,"Ran a stop sign and hit a bicyclist, causing minor injuries."
CLM-101370,POL-1004822,CUST-504822,Auto,2024-08-25,Collision,7468.04,5000.0,2468.04,Paid,Collided with a stationary utility pole while parking.
CLM-101372,POL-1004822,CUST-504822,Auto,2025-05-21,Uninsured Motorist,2117.64,5000.0,0.0,Paid,Rear-ended by an uninsured driver who fled the scene.
CLM-101373,POL-1003017,CUST-503017,Life,2021-07-08,Death Benefit,129000.0,2500.0,129000.0,Paid,Passed away due to natural causes.
CLM-101374,POL-1001566,CUST-501566,Auto,2022-11-05,Comprehensive,10864.18,500.0,10364.18,Paid,Collided with a deer crossing the road at night.
CLM-101375,POL-1001566,CUST-501566,Auto,2023-06-18,Uninsured Motorist,2157.03,500.0,1657.03,Paid,Hit-and-run incident in a shopping mall parking structure.
CLM-101376,POL-1000031,CUST-500031,Home,2023-08-02,Fire,20167.86,1000.0,19167.86,Paid,Electrical fire in the garage damaged walls and tools.
CLM-101377,POL-1000937,CUST-500937,Umbrella,2024-07-19,Liability,12622.79,250.0,0.0,Denied,Settlement for personal injury lawsuit stemming from rental property.
CLM-101379,POL-1001215,CUST-501215,Home,2023-11-18,Theft,80829.78,250.0,80579.78,Paid,Lawnmower and power tools stolen from locked backyard shed.
CLM-101378,POL-1001215,CUST-501215,Home,2023-12-18,Theft,63772.15,250.0,63522.15,Paid,Lawnmower and power tools stolen from locked backyard shed.
CLM-101380,POL-1001937,CUST-501937,Home,2025-02-20,Water Damage,44254.21,5000.0,39254.21,Paid,Burst pipe in the upstairs bathroom flooded the ceiling below.
CLM-101381,POL-1001129,CUST-501129,Auto,2022-07-10,Collision,1097.43,500.0,597.43,Paid,Collided with a stationary utility pole while parking.
CLM-101382,POL-1000309,CUST-500309,Life,2021-11-16,Death Benefit,1274000.0,2500.0,1274000.0,Paid,Accidental death in a domestic incident.
CLM-101384,POL-1004901,CUST-504901,Home,2023-09-30,Fire,500.0,500.0,0.0,Paid,Chimney fire caused attic and roof structure damage.
CLM-101383,POL-1004901,CUST-504901,Home,2023-11-29,Water Damage,20336.7,500.0,19836.7,Paid,"Dishwasher overflowed, damaging kitchen hardwood floors."
CLM-101385,POL-1002168,CUST-502168,Home,2025-01-23,Water Damage,1975.9,1000.0,975.9,Paid,"Water heater failed, leaking water across the laundry room floor."
CLM-101387,POL-1002168,CUST-502168,Home,2026-04-08,Theft,30603.57,1000.0,29603.57,Approved,Lawnmower and power tools stolen from locked backyard shed.
CLM-101386,POL-1002168,CUST-502168,Home,2026-04-25,Theft,4842.13,1000.0,3842.13,Approved,Break-in through rear window; jewelry and electronics stolen.
CLM-101388,POL-1003113,CUST-503113,Auto,2024-01-19,Collision,8508.37,1000.0,7508.37,Paid,Sideswiped by another vehicle merging onto the highway.
CLM-101389,POL-1000495,CUST-500495,Life,2023-12-26,Death Benefit,1268000.0,5000.0,1268000.0,Paid,Fatal cardiovascular event.
CLM-101390,POL-1000205,CUST-500205,Auto,2022-11-14,Liability,15483.76,500.0,14983.76,Paid,Third-party property damage to a storefront fence.
CLM-101391,POL-1002673,CUST-502673,Home,2024-10-06,Liability,29610.16,2500.0,27110.16,Paid,Mail carrier slipped on icy front steps and sprained ankle.
CLM-101392,POL-1003357,CUST-503357,Home,2025-08-24,Water Damage,13727.88,1000.0,12727.88,Paid,"Water heater failed, leaking water across the laundry room floor."
CLM-101393,POL-1003830,CUST-503830,Life,2025-12-13,Death Benefit,1012000.0,5000.0,1012000.0,Paid,Fatal cardiovascular event.
CLM-101394,POL-1000305,CUST-500305,Auto,2025-01-12,Collision,2311.99,5000.0,0.0,Paid,Rear-end collision at a traffic intersection.
CLM-101395,POL-1003793,CUST-503793,Auto,2026-04-06,Comprehensive,5574.68,5000.0,574.68,Paid,Hail storm caused extensive denting on hood and roof.
CLM-101397,POL-1002201,CUST-502201,Auto,2025-02-14,Uninsured Motorist,2660.16,5000.0,0.0,Paid,Hit-and-run incident in a shopping mall parking structure.
CLM-101396,POL-1002201,CUST-502201,Auto,2026-03-19,Uninsured Motorist,6935.56,5000.0,1935.56,Paid,Rear-ended by an uninsured driver who fled the scene.
CLM-101398,POL-1001061,CUST-501061,Auto,2025-09-18,Liability,3429.08,250.0,3179.08,Paid,"Ran a stop sign and hit a bicyclist, causing minor injuries."
CLM-101399,POL-1000843,CUST-500843,Auto,2023-11-04,Comprehensive,1618.59,5000.0,0.0,Paid,Hail storm caused extensive denting on hood and roof.
CLM-101400,POL-1003872,CUST-503872,Life,2024-06-22,Death Benefit,745000.0,5000.0,745000.0,Paid,Passed away due to natural causes.
CLM-101402,POL-1002251,CUST-502251,Life,2025-11-13,Death Benefit,702000.0,1000.0,702000.0,Paid,Accidental death in a domestic incident.
CLM-101401,POL-1002251,CUST-502251,Life,2026-02-16,Death Benefit,702000.0,1000.0,702000.0,Paid,Accidental death in a domestic incident.
CLM-101403,POL-1000211,CUST-500211,Life,2024-05-10,Death Benefit,1326000.0,500.0,1326000.0,Paid,Accidental death in a domestic incident.
CLM-101404,POL-1003997,CUST-503997,Renters,2026-03-09,Water Damage,652.64,500.0,152.64,Paid,Leaking pipe in the wall damaged living room furniture.
CLM-101405,POL-1000679,CUST-500679,Auto,2025-09-01,Uninsured Motorist,7037.31,500.0,6537.31,Paid,Hit-and-run incident in a shopping mall parking structure.
CLM-101406,POL-1000565,CUST-500565,Home,2024-08-22,Liability,10114.17,5000.0,5114.17,Paid,Guest tripped over a loose rug and fractured their wrist.
CLM-101407,POL-1003290,CUST-503290,Renters,2023-01-07,Theft,2275.08,5000.0,0.0,Paid,Bicycle stolen from the apartment complex bike rack.
CLM-101408,POL-1004354,CUST-504354,Boat,2022-11-07,Theft,5454.16,1000.0,4454.16,Paid,Outboard motor stolen from boat parked in driveway.
CLM-101410,POL-1000680,CUST-500680,Auto,2024-12-27,Comprehensive,988.02,5000.0,0.0,Paid,Hail storm caused extensive denting on hood and roof.
CLM-101409,POL-1000680,CUST-500680,Auto,2026-02-12,Liability,2840.42,5000.0,0.0,Paid,"Ran a stop sign and hit a bicyclist, causing minor injuries."
CLM-101411,POL-1000180,CUST-500180,Life,2022-05-30,Death Benefit,1904000.0,250.0,1904000.0,Paid,Passed away from complications of pneumonia.
CLM-101412,POL-1004279,CUST-504279,Boat,2025-09-20,Storm Damage,2411.04,1000.0,1411.04,Paid,Boat filled with water and sank at its slip during a heavy storm.
CLM-101413,POL-1002495,CUST-502495,Motorcycle,2025-01-13,Liability,9275.81,2500.0,6775.81,Paid,Passenger injured when motorcycle slid on wet leaves.
CLM-101414,POL-1002316,CUST-502316,Auto,2024-10-16,Liability,9711.96,1000.0,8711.96,Paid,"Ran a stop sign and hit a bicyclist, causing minor injuries."
CLM-101415,POL-1002316,CUST-502316,Auto,2025-09-04,Liability,1620.9,1000.0,620.9,Paid,Third-party property damage to a storefront fence.
CLM-101417,POL-1004273,CUST-504273,Auto,2025-07-01,Collision,15775.37,5000.0,10775.37,Paid,Collided with a stationary utility pole while parking.
CLM-101416,POL-1004273,CUST-504273,Auto,2026-01-30,Liability,14809.53,5000.0,9809.53,Paid,Third-party property damage to a storefront fence.
CLM-101418,POL-1000278,CUST-500278,Auto,2021-09-07,Comprehensive,19427.15,500.0,18927.15,Paid,Hail storm caused extensive denting on hood and roof.
CLM-101419,POL-1003683,CUST-503683,Renters,2023-02-17,Fire,5603.36,500.0,0.0,Denied,Candle left unattended started a small bedroom fire.
CLM-101420,POL-1004762,CUST-504762,Auto,2026-03-24,Collision,14780.11,1000.0,13780.11,Paid,Multi-vehicle accident on wet roadway.
CLM-101421,POL-1004762,CUST-504762,Auto,2026-03-24,Uninsured Motorist,1473.41,1000.0,473.41,Paid,Rear-ended by an uninsured driver who fled the scene.
CLM-101422,POL-1000432,CUST-500432,Auto,2023-01-14,Collision,17850.4,5000.0,12850.4,Paid,Multi-vehicle accident on wet roadway.
CLM-101423,POL-1000289,CUST-500289,Home,2022-12-09,Liability,17191.1,1000.0,16191.1,Paid,Mail carrier slipped on icy front steps and sprained ankle.
CLM-101424,POL-1001027,CUST-501027,Auto,2022-12-31,Uninsured Motorist,32948.37,5000.0,0.0,Denied,Rear-ended by an uninsured driver who fled the scene.
CLM-101425,POL-1000535,CUST-500535,Home,2025-06-22,Wind/Hail,139963.98,250.0,139713.98,Paid,Fallen tree limb damaged the backyard deck during a storm.
CLM-101426,POL-1003631,CUST-503631,Life,2023-03-14,Death Benefit,1407000.0,5000.0,1407000.0,Paid,Accidental death in a domestic incident.
CLM-101428,POL-1000188,CUST-500188,Auto,2023-09-15,Comprehensive,14386.85,250.0,14136.85,Paid,Windshield cracked by a rock flying from a dump truck.
CLM-101427,POL-1000188,CUST-500188,Auto,2024-03-31,Comprehensive,6521.24,250.0,6271.24,Paid,Vehicle vandalized with spray paint in a public parking lot.
CLM-101429,POL-1002174,CUST-502174,Home,2026-04-04,Liability,8612.14,250.0,8362.14,Paid,Guest tripped over a loose rug and fractured their wrist.
CLM-101430,POL-1003915,CUST-503915,Auto,2025-10-20,Uninsured Motorist,500.0,500.0,0.0,Paid,Hit-and-run incident in a shopping mall parking structure.
CLM-101431,POL-1001862,CUST-501862,Auto,2025-12-06,Comprehensive,15385.85,250.0,15135.85,Paid,Collided with a deer crossing the road at night.
CLM-101432,POL-1000270,CUST-500270,Auto,2026-04-10,Liability,500.0,500.0,0.0,Under Review,"Ran a stop sign and hit a bicyclist, causing minor injuries."
CLM-101433,POL-1001728,CUST-501728,Auto,2025-11-22,Comprehensive,10341.79,1000.0,9341.79,Paid,Vehicle vandalized with spray paint in a public parking lot.
CLM-101434,POL-1004075,CUST-504075,Boat,2025-09-21,Theft,4307.73,500.0,3807.73,Paid,Fishing gear and GPS equipment stolen from locked cabin.
CLM-101435,POL-1002157,CUST-502157,Home,2025-01-18,Fire,79151.28,250.0,78901.28,Paid,Chimney fire caused attic and roof structure damage.
CLM-101436,POL-1002157,CUST-502157,Home,2025-01-21,Water Damage,67699.79,250.0,67449.79,Paid,Burst pipe in the upstairs bathroom flooded the ceiling below.
CLM-101437,POL-1003931,CUST-503931,Home,2023-02-16,Liability,4666.05,1000.0,3666.05,Paid,Guest tripped over a loose rug and fractured their wrist.
CLM-101438,POL-1000111,CUST-500111,Auto,2024-01-03,Liability,7402.36,250.0,7152.36,Paid,Third-party property damage to a storefront fence.
CLM-101439,POL-1002384,CUST-502384,Life,2024-02-15,Death Benefit,659000.0,5000.0,0.0,Denied,Passed away from complications of pneumonia.
CLM-101440,POL-1002384,CUST-502384,Life,2025-09-29,Death Benefit,659000.0,5000.0,659000.0,Paid,Passed away from complications of pneumonia.
CLM-101441,POL-1000220,CUST-500220,Life,2024-02-28,Death Benefit,1414000.0,5000.0,0.0,Denied,Accidental death in a domestic incident.
CLM-101442,POL-1000627,CUST-500627,Auto,2026-03-18,Liability,12576.78,250.0,12326.78,Paid,"Ran a stop sign and hit a bicyclist, causing minor injuries."
CLM-101443,POL-1001181,CUST-501181,Auto,2026-04-21,Collision,2340.12,5000.0,0.0,Paid,Rear-end collision at a traffic intersection.
CLM-101444,POL-1003381,CUST-503381,Renters,2022-05-27,Fire,822.85,5000.0,0.0,Paid,Candle left unattended started a small bedroom fire.
CLM-101445,POL-1002422,CUST-502422,Auto,2023-10-07,Collision,26078.0,250.0,25828.0,Paid,Collided with a stationary utility pole while parking.
CLM-101446,POL-1000790,CUST-500790,Home,2023-08-28,Water Damage,10301.64,250.0,10051.64,Paid,"Water heater failed, leaking water across the laundry room floor."
CLM-101447,POL-1004275,CUST-504275,Auto,2024-03-20,Liability,12257.17,250.0,12007.17,Paid,Backed into neighbor's parked car causing bumper damage.
CLM-101448,POL-1000461,CUST-500461,Auto,2026-03-22,Liability,8578.62,5000.0,0.0,Denied,Backed into neighbor's parked car causing bumper damage.
CLM-101449,POL-1004402,CUST-504402,Umbrella,2026-04-23,Liability,233654.48,1000.0,232654.48,Paid,Settlement for personal injury lawsuit stemming from rental property.
CLM-101450,POL-1004402,CUST-504402,Umbrella,2026-05-01,Liability,48039.38,1000.0,47039.38,Approved,Excess liability claim following a major multi-car auto accident.
CLM-101451,POL-1000551,CUST-500551,Auto,2023-07-30,Comprehensive,2542.28,250.0,2292.28,Paid,Hail storm caused extensive denting on hood and roof.
CLM-101453,POL-1003129,CUST-503129,Auto,2024-05-22,Uninsured Motorist,5423.82,250.0,5173.82,Paid,Hit-and-run incident in a shopping mall parking structure.
CLM-101452,POL-1003129,CUST-503129,Auto,2024-08-27,Liability,1287.3,250.0,1037.3,Paid,Third-party property damage to a storefront fence.
CLM-101454,POL-1001444,CUST-501444,Auto,2024-06-10,Liability,14023.81,500.0,13523.81,Paid,Third-party property damage to a storefront fence.
CLM-101455,POL-1000198,CUST-500198,Auto,2023-07-29,Collision,16628.96,2500.0,14128.96,Paid,Sideswiped by another vehicle merging onto the highway.
CLM-101456,POL-1002589,CUST-502589,Home,2023-11-23,Liability,34498.5,5000.0,0.0,Denied,Family dog bit a neighbor visiting the backyard.
CLM-101457,POL-1000402,CUST-500402,Home,2026-02-10,Fire,6809.24,250.0,0.0,Denied,Chimney fire caused attic and roof structure damage.
CLM-101458,POL-1003959,CUST-503959,Auto,2023-09-11,Comprehensive,889.82,250.0,639.82,Paid,Vehicle vandalized with spray paint in a public parking lot.
CLM-101459,POL-1004189,CUST-504189,Auto,2024-03-13,Uninsured Motorist,15480.73,2500.0,12980.73,Paid,Rear-ended by an uninsured driver who fled the scene.
CLM-101460,POL-1004763,CUST-504763,Auto,2023-02-06,Comprehensive,9007.31,250.0,8757.31,Paid,Vehicle vandalized with spray paint in a public parking lot.
CLM-101461,POL-1002095,CUST-502095,Auto,2026-03-10,Collision,6819.54,250.0,6569.54,Paid,Multi-vehicle accident on wet roadway.
CLM-101462,POL-1002900,CUST-502900,Life,2022-02-15,Death Benefit,59000.0,250.0,59000.0,Paid,Passed away from complications of pneumonia.
CLM-101463,POL-1004462,CUST-504462,Auto,2025-06-04,Liability,2770.08,250.0,2520.08,Paid,Backed into neighbor's parked car causing bumper damage.
CLM-101464,POL-1000650,CUST-500650,Home,2024-06-01,Liability,44630.39,2500.0,42130.39,Paid,Family dog bit a neighbor visiting the backyard.
CLM-101465,POL-1000708,CUST-500708,Home,2025-07-06,Fire,2469.55,500.0,0.0,Denied,Electrical fire in the garage damaged walls and tools.
CLM-101466,POL-1001480,CUST-501480,Auto,2023-05-17,Comprehensive,9812.98,2500.0,7312.98,Paid,Windshield cracked by a rock flying from a dump truck.
CLM-101467,POL-1004414,CUST-504414,Auto,2025-11-05,Liability,2026.54,2500.0,0.0,Denied,Third-party property damage to a storefront fence.
CLM-101468,POL-1003065,CUST-503065,Motorcycle,2021-08-01,Liability,6968.25,250.0,6718.25,Paid,Accidentally scraped side of a parked luxury sedan.
CLM-101469,POL-1002395,CUST-502395,Home,2026-04-29,Liability,31833.22,5000.0,26833.22,Under Review,Guest tripped over a loose rug and fractured their wrist.
CLM-101470,POL-1001769,CUST-501769,Auto,2026-04-06,Collision,5374.69,2500.0,2874.69,Paid,Sideswiped by another vehicle merging onto the highway.
CLM-101471,POL-1000314,CUST-500314,Home,2026-03-13,Water Damage,43520.91,1000.0,42520.91,Paid,Burst pipe in the upstairs bathroom flooded the ceiling below.
CLM-101472,POL-1003761,CUST-503761,Auto,2024-04-25,Collision,23058.64,500.0,22558.64,Paid,Collided with a stationary utility pole while parking.
CLM-101474,POL-1004909,CUST-504909,Auto,2022-08-11,Comprehensive,13304.25,2500.0,10804.25,Paid,Vehicle vandalized with spray paint in a public parking lot.
CLM-101473,POL-1004909,CUST-504909,Auto,2022-09-14,Uninsured Motorist,42000.0,2500.0,39500.0,Paid,Rear-ended by an uninsured driver who fled the scene.
CLM-101475,POL-1000113,CUST-500113,Umbrella,2025-11-15,Liability,199119.23,1000.0,198119.23,Paid,Settlement for personal injury lawsuit stemming from rental property.
CLM-101476,POL-1000960,CUST-500960,Home,2023-12-14,Fire,38605.99,5000.0,33605.99,Paid,Grease fire in the kitchen caused severe cabinet and smoke damage.
CLM-101478,POL-1002910,CUST-502910,Auto,2023-04-06,Liability,11812.19,500.0,11312.19,Paid,"Ran a stop sign and hit a bicyclist, causing minor injuries."
CLM-101477,POL-1002910,CUST-502910,Auto,2023-12-20,Uninsured Motorist,14692.35,500.0,14192.35,Paid,Rear-ended by an uninsured driver who fled the scene.
CLM-101479,POL-1003405,CUST-503405,Auto,2025-02-23,Comprehensive,7380.71,250.0,7130.71,Paid,Windshield cracked by a rock flying from a dump truck.
CLM-101480,POL-1003405,CUST-503405,Auto,2025-05-16,Uninsured Motorist,17529.01,250.0,17279.01,Paid,Rear-ended by an uninsured driver who fled the scene.
CLM-101481,POL-1001623,CUST-501623,Home,2025-09-30,Fire,996.57,5000.0,0.0,Paid,Chimney fire caused attic and roof structure damage.
CLM-101482,POL-1003322,CUST-503322,Renters,2024-07-17,Theft,10429.92,1000.0,0.0,Denied,Bicycle stolen from the apartment complex bike rack.
CLM-101483,POL-1004999,CUST-504999,Renters,2022-03-04,Water Damage,4512.86,5000.0,0.0,Paid,Bathtub overflow from the apartment above leaked through ceiling.
CLM-101484,POL-1001818,CUST-501818,Home,2026-03-20,Wind/Hail,10665.47,1000.0,9665.47,Paid,Hail storm damaged vinyl siding and cracked windows.
CLM-101485,POL-1003194,CUST-503194,Life,2023-12-16,Death Benefit,871000.0,500.0,871000.0,Paid,Passed away from complications of pneumonia.
CLM-101486,POL-1003007,CUST-503007,Home,2024-09-28,Wind/Hail,2988.56,500.0,2488.56,Paid,Severe thunderstorm tore off several roof shingles.
CLM-101487,POL-1003414,CUST-503414,Life,2024-05-24,Death Benefit,832000.0,1000.0,832000.0,Paid,Passed away due to natural causes.
CLM-101488,POL-1004528,CUST-504528,Home,2023-05-30,Water Damage,45484.42,5000.0,40484.42,Paid,"Dishwasher overflowed, damaging kitchen hardwood floors."
CLM-101489,POL-1004528,CUST-504528,Home,2023-09-17,Wind/Hail,63791.81,5000.0,58791.81,Paid,Severe thunderstorm tore off several roof shingles.
CLM-101490,POL-1001897,CUST-501897,Life,2025-06-04,Death Benefit,143000.0,5000.0,143000.0,Paid,Passed away due to natural causes.
CLM-101491,POL-1001918,CUST-501918,Home,2025-05-20,Wind/Hail,91579.76,250.0,91329.76,Paid,Hail storm damaged vinyl siding and cracked windows.
CLM-101492,POL-1001918,CUST-501918,Home,2025-08-19,Wind/Hail,10992.65,250.0,10742.65,Paid,Severe thunderstorm tore off several roof shingles.
CLM-101493,POL-1001270,CUST-501270,Life,2025-03-06,Death Benefit,377000.0,5000.0,377000.0,Paid,Fatal cardiovascular event.
CLM-101494,POL-1001270,CUST-501270,Life,2025-06-05,Death Benefit,377000.0,5000.0,377000.0,Paid,Fatal cardiovascular event.
CLM-101495,POL-1004176,CUST-504176,Auto,2026-04-28,Uninsured Motorist,9252.66,250.0,9002.66,Approved,Hit-and-run incident in a shopping mall parking structure.
CLM-101496,POL-1004962,CUST-504962,Home,2022-08-17,Theft,55288.82,500.0,54788.82,Paid,Lawnmower and power tools stolen from locked backyard shed.
CLM-101497,POL-1004883,CUST-504883,Life,2023-06-11,Death Benefit,1747000.0,250.0,1747000.0,Paid,Accidental death in a domestic incident.
CLM-101498,POL-1004883,CUST-504883,Life,2023-12-11,Death Benefit,1747000.0,250.0,1747000.0,Paid,Passed away due to natural causes.
CLM-101499,POL-1004094,CUST-504094,Auto,2021-12-16,Collision,10220.59,1000.0,9220.59,Paid,Rear-end collision at a traffic intersection.
CLM-101501,POL-1003159,CUST-503159,Renters,2024-02-12,Water Damage,1421.06,500.0,921.06,Paid,Bathtub overflow from the apartment above leaked through ceiling.
CLM-101500,POL-1003159,CUST-503159,Renters,2024-03-18,Water Damage,5181.28,500.0,4681.28,Paid,Leaking pipe in the wall damaged living room furniture.
CLM-101502,POL-1001813,CUST-501813,Auto,2024-05-02,Collision,500.0,250.0,250.0,Paid,Sideswiped by another vehicle merging onto the highway.
CLM-101503,POL-1002426,CUST-502426,Home,2025-09-22,Theft,13410.58,5000.0,8410.58,Paid,Lawnmower and power tools stolen from locked backyard shed.
CLM-101504,POL-1002426,CUST-502426,Home,2026-05-08,Wind/Hail,4797.51,5000.0,0.0,Under Review,Hail storm damaged vinyl siding and cracked windows.
CLM-101506,POL-1003950,CUST-503950,Home,2022-02-22,Theft,68054.92,5000.0,63054.92,Paid,Porch pirate stole high-value packages delivered to front door.
CLM-101505,POL-1003950,CUST-503950,Home,2022-03-05,Liability,107310.45,5000.0,102310.45,Paid,Mail carrier slipped on icy front steps and sprained ankle.
CLM-101507,POL-1003950,CUST-503950,Home,2022-05-15,Water Damage,8618.24,5000.0,3618.24,Paid,"Water heater failed, leaking water across the laundry room floor."
CLM-101509,POL-1004428,CUST-504428,Home,2024-06-03,Liability,20271.54,250.0,20021.54,Paid,Mail carrier slipped on icy front steps and sprained ankle.
CLM-101508,POL-1004428,CUST-504428,Home,2024-08-05,Fire,4732.03,250.0,4482.03,Paid,Grease fire in the kitchen caused severe cabinet and smoke damage.
CLM-101510,POL-1002142,CUST-502142,Home,2025-04-18,Wind/Hail,7946.17,1000.0,6946.17,Paid,Severe thunderstorm tore off several roof shingles.
CLM-101511,POL-1001626,CUST-501626,Auto,2025-12-29,Uninsured Motorist,10154.94,5000.0,5154.94,Paid,Rear-ended by an uninsured driver who fled the scene.
CLM-101512,POL-1000789,CUST-500789,Home,2026-03-02,Water Damage,3814.83,1000.0,2814.83,Paid,"Dishwasher overflowed, damaging kitchen hardwood floors."
CLM-101513,POL-1003786,CUST-503786,Renters,2024-06-03,Theft,542.56,1000.0,0.0,Paid,Bicycle stolen from the apartment complex bike rack.
CLM-101515,POL-1001864,CUST-501864,Auto,2024-08-19,Comprehensive,9937.99,1000.0,8937.99,Paid,Collided with a deer crossing the road at night.
CLM-101514,POL-1001864,CUST-501864,Auto,2025-04-12,Comprehensive,18228.0,1000.0,17228.0,Paid,Vehicle vandalized with spray paint in a public parking lot.
CLM-101516,POL-1002865,CUST-502865,Home,2025-09-22,Wind/Hail,20547.19,500.0,20047.19,Paid,Severe thunderstorm tore off several roof shingles.
CLM-101518,POL-1000871,CUST-500871,Auto,2023-04-21,Collision,5224.02,5000.0,224.02,Paid,Sideswiped by another vehicle merging onto the highway.
CLM-101517,POL-1000871,CUST-500871,Auto,2023-04-22,Collision,3326.75,5000.0,0.0,Paid,Multi-vehicle accident on wet roadway.
CLM-101519,POL-1003271,CUST-503271,Home,2025-02-05,Wind/Hail,9888.7,5000.0,4888.7,Paid,Hail storm damaged vinyl siding and cracked windows.
CLM-101520,POL-1003833,CUST-503833,Auto,2026-03-15,Comprehensive,6975.61,500.0,6475.61,Paid,Hail storm caused extensive denting on hood and roof.
CLM-101521,POL-1000073,CUST-500073,Renters,2026-05-05,Fire,4753.16,2500.0,2253.16,Under Review,"Toaster oven caught fire, causing kitchen smoke damage."
CLM-101522,POL-1001752,CUST-501752,Home,2022-04-22,Water Damage,1405.92,1000.0,405.92,Paid,Burst pipe in the upstairs bathroom flooded the ceiling below.
CLM-101523,POL-1001421,CUST-501421,Home,2023-02-21,Liability,2903.13,250.0,2653.13,Paid,Mail carrier slipped on icy front steps and sprained ankle.
CLM-101524,POL-1004221,CUST-504221,Home,2025-11-26,Fire,1408.63,5000.0,0.0,Paid,Electrical fire in the garage damaged walls and tools.
CLM-101525,POL-1004221,CUST-504221,Home,2026-04-06,Fire,30735.29,5000.0,25735.29,Paid,Chimney fire caused attic and roof structure damage.
CLM-101527,POL-1004693,CUST-504693,Life,2025-01-04,Death Benefit,89000.0,5000.0,0.0,Denied,Passed away from complications of pneumonia.
CLM-101526,POL-1004693,CUST-504693,Life,2025-02-21,Death Benefit,89000.0,5000.0,89000.0,Paid,Fatal cardiovascular event.
CLM-101528,POL-1004369,CUST-504369,Auto,2025-01-19,Comprehensive,3343.17,5000.0,0.0,Paid,Windshield cracked by a rock flying from a dump truck.
CLM-101529,POL-1004575,CUST-504575,Home,2023-05-10,Water Damage,18164.72,250.0,17914.72,Paid,Burst pipe in the upstairs bathroom flooded the ceiling below.
CLM-101530,POL-1003809,CUST-503809,Auto,2025-10-10,Uninsured Motorist,1418.82,1000.0,418.82,Paid,Hit-and-run incident in a shopping mall parking structure.
CLM-101531,POL-1002244,CUST-502244,Home,2025-07-26,Water Damage,40979.1,5000.0,0.0,Denied,"Dishwasher overflowed, damaging kitchen hardwood floors."
CLM-101532,POL-1003047,CUST-503047,Life,2024-11-27,Death Benefit,417000.0,250.0,417000.0,Paid,Accidental death in a domestic incident.
CLM-101533,POL-1002445,CUST-502445,Auto,2025-01-21,Liability,500.0,1000.0,0.0,Denied,"Ran a stop sign and hit a bicyclist, causing minor injuries."
CLM-101534,POL-1000494,CUST-500494,Auto,2026-03-25,Collision,4721.53,500.0,4221.53,Paid,Collided with a stationary utility pole while parking.
CLM-101536,POL-1003130,CUST-503130,Home,2023-08-20,Liability,27692.64,2500.0,0.0,Denied,Mail carrier slipped on icy front steps and sprained ankle.
CLM-101535,POL-1003130,CUST-503130,Home,2026-04-02,Wind/Hail,18317.88,2500.0,15817.88,Paid,Hail storm damaged vinyl siding and cracked windows.
CLM-101537,POL-1004321,CUST-504321,Life,2023-05-03,Death Benefit,834000.0,5000.0,834000.0,Paid,Passed away due to natural causes.
CLM-101538,POL-1004397,CUST-504397,Auto,2025-03-17,Collision,675.32,250.0,425.32,Paid,Multi-vehicle accident on wet roadway.
CLM-101540,POL-1001164,CUST-501164,Auto,2026-02-28,Liability,6003.4,250.0,5753.4,Paid,Third-party property damage to a storefront fence.
CLM-101539,POL-1001164,CUST-501164,Auto,2026-04-24,Comprehensive,16120.71,250.0,15870.71,Approved,Windshield cracked by a rock flying from a dump truck.
CLM-101542,POL-1003734,CUST-503734,Auto,2023-10-03,Uninsured Motorist,5078.7,500.0,4578.7,Paid,Rear-ended by an uninsured driver who fled the scene.
CLM-101541,POL-1003734,CUST-503734,Auto,2024-03-29,Uninsured Motorist,8353.71,500.0,7853.71,Paid,Rear-ended by an uninsured driver who fled the scene.
CLM-101543,POL-1001730,CUST-501730,Home,2026-03-17,Fire,64341.19,250.0,64091.19,Paid,Grease fire in the kitchen caused severe cabinet and smoke damage.
CLM-101544,POL-1004812,CUST-504812,Umbrella,2023-09-01,Liability,149364.73,1000.0,148364.73,Paid,Settlement for personal injury lawsuit stemming from rental property.
CLM-101545,POL-1002402,CUST-502402,Renters,2022-03-03,Water Damage,10790.88,2500.0,8290.88,Paid,Leaking pipe in the wall damaged living room furniture.
CLM-101546,POL-1003403,CUST-503403,Boat,2022-10-14,Collision,15260.53,1000.0,14260.53,Paid,Collided with another vessel while navigating a narrow channel.
CLM-101547,POL-1000618,CUST-500618,Home,2026-01-31,Liability,12753.92,250.0,12503.92,Paid,Mail carrier slipped on icy front steps and sprained ankle.
CLM-101548,POL-1001697,CUST-501697,Life,2026-05-01,Death Benefit,1675000.0,2500.0,1675000.0,Under Review,Fatal cardiovascular event.
CLM-101549,POL-1003593,CUST-503593,Life,2022-05-01,Death Benefit,1971000.0,2500.0,1971000.0,Paid,Accidental death in a domestic incident.
CLM-101552,POL-1001957,CUST-501957,Auto,2024-05-19,Liability,15493.7,5000.0,10493.7,Paid,"Ran a stop sign and hit a bicyclist, causing minor injuries."
CLM-101550,POL-1001957,CUST-501957,Auto,2025-03-18,Collision,7402.27,5000.0,0.0,Denied,Collided with a stationary utility pole while parking.
CLM-101551,POL-1001957,CUST-501957,Auto,2026-05-04,Uninsured Motorist,1819.35,5000.0,0.0,Under Review,Rear-ended by an uninsured driver who fled the scene.
CLM-101553,POL-1001221,CUST-501221,Auto,2022-11-24,Collision,2510.67,2500.0,10.67,Paid,Collided with a stationary utility pole while parking.
CLM-101554,POL-1002073,CUST-502073,Auto,2025-12-13,Uninsured Motorist,8882.41,1000.0,7882.41,Paid,Hit-and-run incident in a shopping mall parking structure.
CLM-101555,POL-1003410,CUST-503410,Umbrella,2025-12-02,Liability,701863.83,1000.0,700863.83,Paid,Excess liability claim following a major multi-car auto accident.
CLM-101556,POL-1000869,CUST-500869,Home,2023-10-01,Fire,46512.04,250.0,46262.04,Paid,Grease fire in the kitchen caused severe cabinet and smoke damage.
CLM-101557,POL-1002718,CUST-502718,Auto,2023-10-22,Liability,7637.99,250.0,7387.99,Paid,Third-party property damage to a storefront fence.
CLM-101558,POL-1001042,CUST-501042,Home,2026-02-09,Liability,11255.41,5000.0,6255.41,Paid,Guest tripped over a loose rug and fractured their wrist.
CLM-101559,POL-1001361,CUST-501361,Life,2022-06-15,Death Benefit,172000.0,5000.0,172000.0,Paid,Accidental death in a domestic incident.
CLM-101560,POL-1000356,CUST-500356,Auto,2026-02-15,Uninsured Motorist,7976.41,1000.0,0.0,Denied,Hit-and-run incident in a shopping mall parking structure.
CLM-101561,POL-1001162,CUST-501162,Auto,2022-05-15,Collision,10049.63,2500.0,7549.63,Paid,Sideswiped by another vehicle merging onto the highway.
CLM-101563,POL-1002765,CUST-502765,Auto,2023-12-21,Liability,4593.82,5000.0,0.0,Paid,"Ran a stop sign and hit a bicyclist, causing minor injuries."
CLM-101562,POL-1002765,CUST-502765,Auto,2024-01-02,Comprehensive,21226.58,5000.0,16226.58,Paid,Hail storm caused extensive denting on hood and roof.
CLM-101564,POL-1003252,CUST-503252,Home,2025-07-29,Liability,3353.27,1000.0,2353.27,Paid,Mail carrier slipped on icy front steps and sprained ankle.
CLM-101565,POL-1001438,CUST-501438,Auto,2025-05-19,Comprehensive,6010.05,1000.0,5010.05,Paid,Hail storm caused extensive denting on hood and roof.
CLM-101566,POL-1003603,CUST-503603,Umbrella,2025-08-28,Liability,354430.21,2500.0,351930.21,Paid,Excess liability claim following a major multi-car auto accident.
CLM-101567,POL-1004940,CUST-504940,Home,2026-02-03,Fire,13239.55,1000.0,12239.55,Paid,Grease fire in the kitchen caused severe cabinet and smoke damage.
CLM-101568,POL-1004593,CUST-504593,Life,2021-10-26,Death Benefit,1403000.0,500.0,1403000.0,Paid,Fatal cardiovascular event.
CLM-101569,POL-1003639,CUST-503639,Home,2023-06-08,Liability,46201.42,500.0,45701.42,Paid,Guest tripped over a loose rug and fractured their wrist.
CLM-101570,POL-1001253,CUST-501253,Auto,2025-07-30,Comprehensive,500.0,1000.0,0.0,Denied,Hail storm caused extensive denting on hood and roof.
CLM-101571,POL-1001253,CUST-501253,Auto,2025-09-22,Collision,1007.79,1000.0,7.79,Paid,Multi-vehicle accident on wet roadway.
CLM-101572,POL-1003365,CUST-503365,Auto,2024-08-29,Uninsured Motorist,14490.1,5000.0,9490.1,Paid,Hit-and-run incident in a shopping mall parking structure.
CLM-101573,POL-1000332,CUST-500332,Auto,2024-12-29,Comprehensive,6770.23,500.0,6270.23,Paid,Hail storm caused extensive denting on hood and roof.
CLM-101574,POL-1003694,CUST-503694,Auto,2025-07-12,Comprehensive,17090.01,500.0,16590.01,Paid,Windshield cracked by a rock flying from a dump truck.
CLM-101575,POL-1003568,CUST-503568,Auto,2024-01-23,Comprehensive,500.0,1000.0,0.0,Paid,Vehicle vandalized with spray paint in a public parking lot.
CLM-101576,POL-1002728,CUST-502728,Auto,2026-04-24,Collision,3755.54,500.0,3255.54,Under Review,Collided with a stationary utility pole while parking.
CLM-101577,POL-1003667,CUST-503667,Home,2024-02-09,Water Damage,104079.43,2500.0,101579.43,Paid,"Water heater failed, leaking water across the laundry room floor."
CLM-101578,POL-1001630,CUST-501630,Life,2021-11-19,Death Benefit,682000.0,250.0,682000.0,Paid,Passed away due to natural causes.
CLM-101579,POL-1001116,CUST-501116,Auto,2025-02-04,Liability,3189.2,5000.0,0.0,Paid,Backed into neighbor's parked car causing bumper damage.
CLM-101580,POL-1001849,CUST-501849,Home,2026-03-31,Theft,500.0,1000.0,0.0,Paid,Porch pirate stole high-value packages delivered to front door.
CLM-101581,POL-1001849,CUST-501849,Home,2026-05-03,Theft,6348.88,1000.0,5348.88,Under Review,Break-in through rear window; jewelry and electronics stolen.
CLM-101582,POL-1003554,CUST-503554,Life,2024-10-11,Death Benefit,1928000.0,1000.0,1928000.0,Paid,Fatal cardiovascular event.
CLM-101583,POL-1003153,CUST-503153,Home,2025-09-19,Water Damage,17965.93,2500.0,15465.93,Paid,"Dishwasher overflowed, damaging kitchen hardwood floors."
CLM-101584,POL-1003265,CUST-503265,Auto,2024-10-27,Liability,10530.36,500.0,10030.36,Paid,Backed into neighbor's parked car causing bumper damage.
CLM-101586,POL-1001665,CUST-501665,Auto,2026-04-04,Collision,13968.06,1000.0,12968.06,Approved,Collided with a stationary utility pole while parking.
CLM-101585,POL-1001665,CUST-501665,Auto,2026-05-07,Liability,5259.21,1000.0,4259.21,Under Review,"Ran a stop sign and hit a bicyclist, causing minor injuries."
CLM-101587,POL-1000445,CUST-500445,Auto,2023-08-14,Uninsured Motorist,9842.1,5000.0,4842.1,Paid,Rear-ended by an uninsured driver who fled the scene.
CLM-101588,POL-1002245,CUST-502245,Auto,2023-12-18,Collision,32447.17,5000.0,27447.17,Paid,Collided with a stationary utility pole while parking.
CLM-101589,POL-1002245,CUST-502245,Auto,2025-02-14,Uninsured Motorist,4295.15,5000.0,0.0,Paid,Rear-ended by an uninsured driver who fled the scene.
CLM-101590,POL-1000452,CUST-500452,Home,2026-02-07,Wind/Hail,38045.65,1000.0,37045.65,Paid,Severe thunderstorm tore off several roof shingles.
CLM-101591,POL-1001551,CUST-501551,Auto,2025-12-22,Collision,500.0,500.0,0.0,Paid,Rear-end collision at a traffic intersection.
CLM-101592,POL-1004434,CUST-504434,Motorcycle,2023-11-30,Comprehensive,11665.29,250.0,11415.29,Paid,Fuel tank dented and seat slashed while parked overnight.
CLM-101594,POL-1002954,CUST-502954,Home,2022-06-13,Theft,14150.23,250.0,13900.23,Paid,Porch pirate stole high-value packages delivered to front door.
CLM-101593,POL-1002954,CUST-502954,Home,2023-03-04,Liability,27654.8,250.0,27404.8,Paid,Guest tripped over a loose rug and fractured their wrist.
CLM-101595,POL-1000014,CUST-500014,Auto,2024-01-15,Liability,11722.01,2500.0,9222.01,Paid,Backed into neighbor's parked car causing bumper damage.
CLM-101596,POL-1003628,CUST-503628,Auto,2024-05-18,Uninsured Motorist,8253.08,5000.0,3253.08,Paid,Rear-ended by an uninsured driver who fled the scene.
CLM-101597,POL-1000945,CUST-500945,Auto,2024-01-06,Uninsured Motorist,28590.37,5000.0,23590.37,Paid,Hit-and-run incident in a shopping mall parking structure.
CLM-101598,POL-1000247,CUST-500247,Renters,2026-04-28,Water Damage,1508.15,2500.0,0.0,Under Review,Leaking pipe in the wall damaged living room furniture.
CLM-101599,POL-1004697,CUST-504697,Auto,2025-10-25,Comprehensive,7922.6,2500.0,5422.6,Paid,Collided with a deer crossing the road at night.
CLM-101600,POL-1000360,CUST-500360,Home,2022-06-07,Water Damage,32565.69,5000.0,27565.69,Paid,Burst pipe in the upstairs bathroom flooded the ceiling below.
CLM-101602,POL-1004656,CUST-504656,Auto,2023-11-05,Collision,960.51,500.0,460.51,Paid,Rear-end collision at a traffic intersection.
CLM-101601,POL-1004656,CUST-504656,Auto,2024-02-10,Uninsured Motorist,500.0,500.0,0.0,Paid,Hit-and-run incident in a shopping mall parking structure.
CLM-101603,POL-1004656,CUST-504656,Auto,2024-10-12,Collision,50660.16,500.0,50160.16,Paid,Rear-end collision at a traffic intersection.
CLM-101604,POL-1001614,CUST-501614,Life,2025-07-24,Death Benefit,1174000.0,250.0,1174000.0,Paid,Passed away from complications of pneumonia.
CLM-101605,POL-1002303,CUST-502303,Umbrella,2026-02-07,Liability,35270.01,2500.0,32770.01,Paid,Excess liability claim following a major multi-car auto accident.
CLM-101606,POL-1004141,CUST-504141,Home,2023-09-14,Theft,86696.61,500.0,0.0,Denied,Porch pirate stole high-value packages delivered to front door.
CLM-101607,POL-1004141,CUST-504141,Home,2024-04-21,Fire,38987.85,500.0,38487.85,Paid,Electrical fire in the garage damaged walls and tools.
CLM-101608,POL-1003168,CUST-503168,Auto,2022-04-14,Uninsured Motorist,1504.13,2500.0,0.0,Paid,Hit-and-run incident in a shopping mall parking structure.
CLM-101609,POL-1002478,CUST-502478,Auto,2026-05-04,Liability,12286.65,500.0,11786.65,Approved,Third-party property damage to a storefront fence.
CLM-101610,POL-1004214,CUST-504214,Home,2026-03-17,Water Damage,52991.92,500.0,0.0,Denied,"Water heater failed, leaking water across the laundry room floor."
CLM-101611,POL-1004214,CUST-504214,Home,2026-04-06,Liability,6994.96,500.0,6494.96,Paid,Family dog bit a neighbor visiting the backyard.
CLM-101612,POL-1004180,CUST-504180,Auto,2022-09-29,Liability,2422.31,1000.0,0.0,Denied,Third-party property damage to a storefront fence.
CLM-101614,POL-1004884,CUST-504884,Home,2023-05-19,Liability,29145.32,250.0,28895.32,Paid,Family dog bit a neighbor visiting the backyard.
CLM-101613,POL-1004884,CUST-504884,Home,2024-01-28,Theft,3438.93,250.0,3188.93,Paid,Lawnmower and power tools stolen from locked backyard shed.
CLM-101615,POL-1003163,CUST-503163,Auto,2026-01-10,Uninsured Motorist,2132.64,2500.0,0.0,Paid,Rear-ended by an uninsured driver who fled the scene.
CLM-101616,POL-1003163,CUST-503163,Auto,2026-01-20,Collision,2400.36,2500.0,0.0,Paid,Collided with a stationary utility pole while parking.
CLM-101617,POL-1000490,CUST-500490,Auto,2023-03-21,Comprehensive,19707.46,250.0,19457.46,Paid,Windshield cracked by a rock flying from a dump truck.
CLM-101618,POL-1000862,CUST-500862,Life,2023-06-02,Death Benefit,643000.0,500.0,643000.0,Paid,Passed away from complications of pneumonia.
CLM-101619,POL-1001740,CUST-501740,Renters,2025-02-03,Water Damage,6533.41,1000.0,5533.41,Paid,Leaking pipe in the wall damaged living room furniture.
CLM-101621,POL-1004099,CUST-504099,Home,2022-04-07,Wind/Hail,16483.63,500.0,15983.63,Paid,Severe thunderstorm tore off several roof shingles.
CLM-101620,POL-1004099,CUST-504099,Home,2022-09-13,Theft,14819.6,500.0,14319.6,Paid,Porch pirate stole high-value packages delivered to front door.
CLM-101623,POL-1004385,CUST-504385,Life,2021-08-10,Death Benefit,244000.0,5000.0,244000.0,Paid,Fatal cardiovascular event.
CLM-101622,POL-1004385,CUST-504385,Life,2022-03-07,Death Benefit,244000.0,5000.0,244000.0,Paid,Passed away due to natural causes.
CLM-101624,POL-1002447,CUST-502447,Home,2026-04-04,Wind/Hail,29028.14,500.0,0.0,Denied,Fallen tree limb damaged the backyard deck during a storm.
CLM-101625,POL-1004230,CUST-504230,Auto,2023-01-21,Uninsured Motorist,6565.22,1000.0,0.0,Denied,Hit-and-run incident in a shopping mall parking structure.
CLM-101626,POL-1000506,CUST-500506,Home,2023-06-07,Liability,7512.44,2500.0,5012.44,Paid,Family dog bit a neighbor visiting the backyard.
CLM-101627,POL-1002677,CUST-502677,Life,2026-02-07,Death Benefit,1166000.0,500.0,1166000.0,Paid,Fatal cardiovascular event.
CLM-101628,POL-1002995,CUST-502995,Life,2025-11-12,Death Benefit,500000.0,1000.0,500000.0,Paid,Accidental death in a domestic incident.
CLM-101629,POL-1001942,CUST-501942,Home,2021-12-01,Water Damage,2688.31,250.0,2438.31,Paid,"Dishwasher overflowed, damaging kitchen hardwood floors."
CLM-101631,POL-1001942,CUST-501942,Home,2021-12-13,Liability,2422.3,250.0,2172.3,Paid,Guest tripped over a loose rug and fractured their wrist.
CLM-101630,POL-1001942,CUST-501942,Home,2022-08-18,Fire,1612.06,250.0,1362.06,Paid,Grease fire in the kitchen caused severe cabinet and smoke damage.
CLM-101632,POL-1001222,CUST-501222,Umbrella,2025-10-23,Liability,167602.78,1000.0,166602.78,Paid,Defamation lawsuit settlement.
CLM-101633,POL-1001113,CUST-501113,Auto,2022-06-30,Collision,5907.27,500.0,5407.27,Paid,Sideswiped by another vehicle merging onto the highway.
CLM-101634,POL-1001905,CUST-501905,Auto,2025-12-03,Collision,13007.12,2500.0,10507.12,Paid,Collided with a stationary utility pole while parking.
CLM-101635,POL-1003423,CUST-503423,Home,2021-12-02,Fire,5773.0,1000.0,4773.0,Paid,Electrical fire in the garage damaged walls and tools.
CLM-101636,POL-1001877,CUST-501877,Auto,2026-03-13,Uninsured Motorist,7116.34,500.0,6616.34,Paid,Hit-and-run incident in a shopping mall parking structure.
CLM-101637,POL-1004672,CUST-504672,Home,2025-06-20,Water Damage,6006.2,250.0,5756.2,Paid,"Dishwasher overflowed, damaging kitchen hardwood floors."
CLM-101638,POL-1000433,CUST-500433,Renters,2022-06-21,Water Damage,6896.01,500.0,6396.01,Paid,Leaking pipe in the wall damaged living room furniture.
CLM-101639,POL-1000433,CUST-500433,Renters,2022-07-30,Water Damage,3775.75,500.0,3275.75,Paid,Bathtub overflow from the apartment above leaked through ceiling.
CLM-101641,POL-1002364,CUST-502364,Auto,2022-12-29,Comprehensive,12012.0,250.0,11762.0,Paid,Hail storm caused extensive denting on hood and roof.
CLM-101640,POL-1002364,CUST-502364,Auto,2023-09-04,Liability,16598.15,250.0,16348.15,Paid,"Ran a stop sign and hit a bicyclist, causing minor injuries."
CLM-101643,POL-1003154,CUST-503154,Home,2022-07-11,Water Damage,15263.33,500.0,0.0,Denied,"Water heater failed, leaking water across the laundry room floor."
CLM-101642,POL-1003154,CUST-503154,Home,2022-09-22,Liability,19061.28,500.0,18561.28,Paid,Mail carrier slipped on icy front steps and sprained ankle.
CLM-101644,POL-1002835,CUST-502835,Life,2026-02-05,Death Benefit,1247000.0,250.0,1247000.0,Paid,Passed away due to natural causes.
CLM-101645,POL-1002835,CUST-502835,Life,2026-02-05,Death Benefit,1247000.0,250.0,1247000.0,Paid,Passed away from complications of pneumonia.
CLM-101646,POL-1002092,CUST-502092,Motorcycle,2025-02-13,Liability,2216.3,250.0,1966.3,Paid,Accidentally scraped side of a parked luxury sedan.
CLM-101647,POL-1002092,CUST-502092,Motorcycle,2025-09-17,Liability,8689.01,250.0,8439.01,Paid,Accidentally scraped side of a parked luxury sedan.
CLM-101648,POL-1003010,CUST-503010,Life,2026-02-18,Death Benefit,439000.0,250.0,439000.0,Paid,Accidental death in a domestic incident.
CLM-101649,POL-1003162,CUST-503162,Auto,2023-04-04,Liability,8455.57,5000.0,3455.57,Paid,"Ran a stop sign and hit a bicyclist, causing minor injuries."
CLM-101650,POL-1003162,CUST-503162,Auto,2023-11-14,Uninsured Motorist,3549.85,5000.0,0.0,Paid,Rear-ended by an uninsured driver who fled the scene.
CLM-101651,POL-1002945,CUST-502945,Auto,2025-04-15,Collision,3177.25,500.0,2677.25,Paid,Sideswiped by another vehicle merging onto the highway.
CLM-101652,POL-1003916,CUST-503916,Home,2025-05-28,Theft,14205.35,2500.0,11705.35,Paid,Porch pirate stole high-value packages delivered to front door.
CLM-101653,POL-1002916,CUST-502916,Home,2022-09-30,Water Damage,4155.34,2500.0,1655.34,Paid,"Water heater failed, leaking water across the laundry room floor."
CLM-101654,POL-1002916,CUST-502916,Home,2023-01-07,Fire,6798.01,2500.0,4298.01,Paid,Chimney fire caused attic and roof structure damage.
CLM-101655,POL-1001102,CUST-501102,Auto,2025-11-29,Collision,2204.74,2500.0,0.0,Paid,Sideswiped by another vehicle merging onto the highway.
CLM-101656,POL-1001448,CUST-501448,Renters,2024-07-08,Fire,500.0,2500.0,0.0,Paid,Candle left unattended started a small bedroom fire.
CLM-101657,POL-1001720,CUST-501720,Auto,2022-06-10,Liability,6480.32,2500.0,3980.32,Paid,Backed into neighbor's parked car causing bumper damage.
CLM-101658,POL-1004518,CUST-504518,Home,2024-10-23,Water Damage,66850.64,500.0,0.0,Denied,"Water heater failed, leaking water across the laundry room floor."
CLM-101659,POL-1003842,CUST-503842,Auto,2025-10-18,Liability,12029.11,5000.0,7029.11,Paid,Backed into neighbor's parked car causing bumper damage.
CLM-101660,POL-1000156,CUST-500156,Auto,2023-01-12,Liability,4752.84,250.0,4502.84,Paid,Backed into neighbor's parked car causing bumper damage.
CLM-101661,POL-1000156,CUST-500156,Auto,2023-03-09,Comprehensive,4299.74,250.0,4049.74,Paid,Hail storm caused extensive denting on hood and roof.
CLM-101662,POL-1002978,CUST-502978,Auto,2024-08-02,Comprehensive,2192.43,2500.0,0.0,Paid,Vehicle vandalized with spray paint in a public parking lot.
CLM-101663,POL-1001773,CUST-501773,Life,2025-05-29,Death Benefit,1650000.0,1000.0,1650000.0,Paid,Fatal cardiovascular event.
CLM-101664,POL-1000615,CUST-500615,Renters,2023-05-04,Theft,1543.75,1000.0,0.0,Denied,"Apartment burglary; laptop, tablet, and gaming console stolen."
CLM-101665,POL-1000643,CUST-500643,Home,2023-06-06,Water Damage,34481.35,2500.0,31981.35,Paid,Burst pipe in the upstairs bathroom flooded the ceiling below.
CLM-101666,POL-1001935,CUST-501935,Auto,2025-03-12,Collision,13174.86,1000.0,12174.86,Paid,Multi-vehicle accident on wet roadway.
CLM-101667,POL-1004277,CUST-504277,Auto,2026-03-23,Collision,24702.24,5000.0,0.0,Denied,Rear-end collision at a traffic intersection.
CLM-101669,POL-1001068,CUST-501068,Auto,2025-07-14,Uninsured Motorist,7882.1,5000.0,2882.1,Paid,Hit-and-run incident in a shopping mall parking structure.
CLM-101668,POL-1001068,CUST-501068,Auto,2026-01-01,Liability,4467.74,5000.0,0.0,Paid,Third-party property damage to a storefront fence.
CLM-101670,POL-1001068,CUST-501068,Auto,2026-01-10,Comprehensive,1072.29,5000.0,0.0,Paid,Collided with a deer crossing the road at night.
CLM-101671,POL-1004454,CUST-504454,Renters,2024-04-18,Theft,2636.75,250.0,2386.75,Paid,"Apartment burglary; laptop, tablet, and gaming console stolen."
CLM-101672,POL-1004154,CUST-504154,Umbrella,2021-07-14,Liability,56260.91,250.0,56010.91,Paid,Settlement for personal injury lawsuit stemming from rental property.
CLM-101673,POL-1004239,CUST-504239,Home,2025-10-04,Wind/Hail,39484.04,250.0,0.0,Denied,Fallen tree limb damaged the backyard deck during a storm.
CLM-101674,POL-1004868,CUST-504868,Auto,2022-08-05,Uninsured Motorist,28000.0,1000.0,27000.0,Paid,Rear-ended by an uninsured driver who fled the scene.
CLM-101675,POL-1000330,CUST-500330,Renters,2023-12-09,Theft,500.0,500.0,0.0,Paid,Bicycle stolen from the apartment complex bike rack.
CLM-101676,POL-1002057,CUST-502057,Auto,2023-04-01,Collision,500.0,2500.0,0.0,Paid,Rear-end collision at a traffic intersection.
CLM-101677,POL-1002057,CUST-502057,Auto,2023-10-02,Comprehensive,6698.52,2500.0,4198.52,Paid,Hail storm caused extensive denting on hood and roof.
CLM-101678,POL-1002646,CUST-502646,Auto,2023-03-01,Liability,12508.19,2500.0,10008.19,Paid,"Ran a stop sign and hit a bicyclist, causing minor injuries."
CLM-101679,POL-1002191,CUST-502191,Home,2024-02-03,Fire,23909.99,500.0,23409.99,Paid,Grease fire in the kitchen caused severe cabinet and smoke damage.
CLM-101680,POL-1000622,CUST-500622,Home,2023-03-06,Fire,52060.4,1000.0,51060.4,Paid,Grease fire in the kitchen caused severe cabinet and smoke damage.
CLM-101681,POL-1001595,CUST-501595,Renters,2025-06-02,Fire,500.0,5000.0,0.0,Paid,"Toaster oven caught fire, causing kitchen smoke damage."
CLM-101682,POL-1002915,CUST-502915,Auto,2024-11-11,Comprehensive,972.26,1000.0,0.0,Paid,Hail storm caused extensive denting on hood and roof.
CLM-101683,POL-1004821,CUST-504821,Auto,2024-08-28,Comprehensive,3644.63,250.0,3394.63,Paid,Hail storm caused extensive denting on hood and roof.
CLM-101684,POL-1004821,CUST-504821,Auto,2025-01-16,Liability,8922.83,250.0,8672.83,Paid,"Ran a stop sign and hit a bicyclist, causing minor injuries."
CLM-101686,POL-1003898,CUST-503898,Auto,2022-08-03,Comprehensive,5537.96,250.0,5287.96,Paid,Vehicle vandalized with spray paint in a public parking lot.
CLM-101685,POL-1003898,CUST-503898,Auto,2022-11-24,Liability,892.8,250.0,642.8,Paid,"Ran a stop sign and hit a bicyclist, causing minor injuries."
CLM-101687,POL-1001919,CUST-501919,Auto,2023-02-15,Liability,9063.02,250.0,8813.02,Paid,Backed into neighbor's parked car causing bumper damage.
CLM-101688,POL-1004173,CUST-504173,Auto,2023-01-14,Uninsured Motorist,5408.86,2500.0,2908.86,Paid,Hit-and-run incident in a shopping mall parking structure.
CLM-101689,POL-1004477,CUST-504477,Auto,2025-05-02,Comprehensive,765.5,1000.0,0.0,Paid,Vehicle vandalized with spray paint in a public parking lot.
CLM-101690,POL-1004477,CUST-504477,Auto,2025-09-21,Collision,13107.01,1000.0,12107.01,Paid,Collided with a stationary utility pole while parking.
CLM-101693,POL-1000755,CUST-500755,Home,2023-11-24,Theft,26922.52,500.0,0.0,Denied,Lawnmower and power tools stolen from locked backyard shed.
CLM-101691,POL-1000755,CUST-500755,Home,2024-01-17,Theft,24146.76,500.0,23646.76,Paid,Break-in through rear window; jewelry and electronics stolen.
CLM-101692,POL-1000755,CUST-500755,Home,2024-05-03,Liability,5543.98,500.0,5043.98,Paid,Guest tripped over a loose rug and fractured their wrist.
CLM-101695,POL-1000518,CUST-500518,Auto,2021-09-26,Comprehensive,500.0,2500.0,0.0,Paid,Windshield cracked by a rock flying from a dump truck.
CLM-101696,POL-1000518,CUST-500518,Auto,2021-11-25,Liability,2793.22,2500.0,293.22,Paid,"Ran a stop sign and hit a bicyclist, causing minor injuries."
CLM-101694,POL-1000518,CUST-500518,Auto,2021-12-13,Collision,1765.48,2500.0,0.0,Paid,Multi-vehicle accident on wet roadway.
CLM-101697,POL-1003803,CUST-503803,Auto,2024-06-17,Collision,3329.47,2500.0,0.0,Denied,Multi-vehicle accident on wet roadway.
CLM-101698,POL-1000032,CUST-500032,Home,2025-10-13,Fire,5726.34,500.0,5226.34,Paid,Electrical fire in the garage damaged walls and tools.
CLM-101699,POL-1002937,CUST-502937,Auto,2023-12-16,Liability,500.0,250.0,250.0,Paid,"Ran a stop sign and hit a bicyclist, causing minor injuries."
CLM-101700,POL-1001157,CUST-501157,Home,2023-07-17,Theft,3202.97,250.0,2952.97,Paid,Break-in through rear window; jewelry and electronics stolen.
CLM-101701,POL-1000744,CUST-500744,Boat,2025-11-09,Theft,21265.84,500.0,20765.84,Paid,Outboard motor stolen from boat parked in driveway.
CLM-101702,POL-1001497,CUST-501497,Auto,2021-09-22,Comprehensive,6696.37,2500.0,4196.37,Paid,Collided with a deer crossing the road at night.
CLM-101703,POL-1003459,CUST-503459,Home,2024-07-28,Fire,66804.34,5000.0,61804.34,Paid,Chimney fire caused attic and roof structure damage.
CLM-101704,POL-1003755,CUST-503755,Auto,2023-05-20,Uninsured Motorist,11793.61,2500.0,9293.61,Paid,Hit-and-run incident in a shopping mall parking structure.
CLM-101705,POL-1002591,CUST-502591,Motorcycle,2023-01-09,Comprehensive,4412.38,2500.0,1912.38,Paid,Fuel tank dented and seat slashed while parked overnight.
CLM-101706,POL-1002591,CUST-502591,Motorcycle,2023-08-10,Comprehensive,11655.69,2500.0,0.0,Denied,Fuel tank dented and seat slashed while parked overnight.
CLM-101707,POL-1000783,CUST-500783,Home,2023-01-22,Water Damage,57099.93,2500.0,54599.93,Paid,"Dishwasher overflowed, damaging kitchen hardwood floors."
CLM-101708,POL-1000783,CUST-500783,Home,2023-08-07,Theft,11432.05,2500.0,8932.05,Paid,Porch pirate stole high-value packages delivered to front door.
CLM-101709,POL-1003493,CUST-503493,Auto,2025-10-30,Uninsured Motorist,30775.16,5000.0,25775.16,Paid,Rear-ended by an uninsured driver who fled the scene.
CLM-101710,POL-1002949,CUST-502949,Auto,2023-10-27,Comprehensive,13049.57,5000.0,8049.57,Paid,Collided with a deer crossing the road at night.
CLM-101711,POL-1002949,CUST-502949,Auto,2024-01-11,Liability,2292.97,5000.0,0.0,Paid,"Ran a stop sign and hit a bicyclist, causing minor injuries."
CLM-101712,POL-1000229,CUST-500229,Life,2024-11-30,Death Benefit,1362000.0,1000.0,1362000.0,Paid,Accidental death in a domestic incident.
CLM-101715,POL-1000857,CUST-500857,Life,2026-04-24,Death Benefit,1183000.0,500.0,1183000.0,Under Review,Passed away due to natural causes.
CLM-101713,POL-1000857,CUST-500857,Life,2026-04-26,Death Benefit,1183000.0,500.0,1183000.0,Approved,Passed away from complications of pneumonia.
CLM-101714,POL-1000857,CUST-500857,Life,2026-04-30,Death Benefit,1183000.0,500.0,1183000.0,Under Review,Accidental death in a domestic incident.
CLM-101716,POL-1002266,CUST-502266,Home,2021-10-28,Water Damage,18703.78,250.0,18453.78,Paid,"Dishwasher overflowed, damaging kitchen hardwood floors."
CLM-101717,POL-1004274,CUST-504274,Home,2022-03-30,Wind/Hail,14619.2,2500.0,12119.2,Paid,Severe thunderstorm tore off several roof shingles.
CLM-101719,POL-1000408,CUST-500408,Auto,2023-01-09,Collision,500.0,2500.0,0.0,Paid,Multi-vehicle accident on wet roadway.
CLM-101718,POL-1000408,CUST-500408,Auto,2023-02-15,Uninsured Motorist,858.5,2500.0,0.0,Paid,Rear-ended by an uninsured driver who fled the scene.
CLM-101720,POL-1000170,CUST-500170,Auto,2023-04-21,Collision,10486.94,5000.0,5486.94,Paid,Rear-end collision at a traffic intersection.
CLM-101721,POL-1000540,CUST-500540,Auto,2025-11-22,Uninsured Motorist,3569.22,500.0,3069.22,Paid,Rear-ended by an uninsured driver who fled the scene.
CLM-101722,POL-1002210,CUST-502210,Home,2021-11-03,Fire,12388.29,5000.0,7388.29,Paid,Chimney fire caused attic and roof structure damage.
CLM-101723,POL-1002304,CUST-502304,Home,2025-02-03,Wind/Hail,31482.63,2500.0,28982.63,Paid,Fallen tree limb damaged the backyard deck during a storm.
CLM-101724,POL-1002304,CUST-502304,Home,2025-10-01,Fire,7099.06,2500.0,0.0,Denied,Grease fire in the kitchen caused severe cabinet and smoke damage.
CLM-101725,POL-1002567,CUST-502567,Home,2025-11-03,Fire,4981.49,250.0,4731.49,Paid,Electrical fire in the garage damaged walls and tools.
CLM-101726,POL-1000613,CUST-500613,Auto,2022-07-13,Comprehensive,1887.56,500.0,1387.56,Paid,Vehicle vandalized with spray paint in a public parking lot.
CLM-101727,POL-1002101,CUST-502101,Auto,2026-03-18,Comprehensive,18542.05,2500.0,16042.05,Paid,Windshield cracked by a rock flying from a dump truck.
CLM-101728,POL-1001808,CUST-501808,Auto,2021-11-19,Liability,7263.76,5000.0,2263.76,Paid,"Ran a stop sign and hit a bicyclist, causing minor injuries."
CLM-101729,POL-1003438,CUST-503438,Home,2026-04-22,Theft,42275.09,1000.0,41275.09,Under Review,Lawnmower and power tools stolen from locked backyard shed.
CLM-101731,POL-1001161,CUST-501161,Home,2022-04-13,Water Damage,54223.64,1000.0,53223.64,Paid,"Dishwasher overflowed, damaging kitchen hardwood floors."
CLM-101730,POL-1001161,CUST-501161,Home,2022-06-01,Fire,17067.76,1000.0,16067.76,Paid,Chimney fire caused attic and roof structure damage.
CLM-101732,POL-1004225,CUST-504225,Home,2026-01-31,Water Damage,855.72,5000.0,0.0,Paid,"Dishwasher overflowed, damaging kitchen hardwood floors."
CLM-101733,POL-1003119,CUST-503119,Renters,2024-07-26,Fire,790.37,1000.0,0.0,Paid,"Toaster oven caught fire, causing kitchen smoke damage."
CLM-101734,POL-1003652,CUST-503652,Home,2025-03-18,Fire,32087.19,1000.0,31087.19,Paid,Electrical fire in the garage damaged walls and tools.
CLM-101735,POL-1001610,CUST-501610,Home,2023-03-19,Wind/Hail,3411.77,2500.0,0.0,Denied,Hail storm damaged vinyl siding and cracked windows.
CLM-101736,POL-1001610,CUST-501610,Home,2023-06-10,Fire,27889.8,2500.0,25389.8,Paid,Electrical fire in the garage damaged walls and tools.
CLM-101737,POL-1001932,CUST-501932,Auto,2023-12-23,Comprehensive,4595.16,500.0,4095.16,Paid,Collided with a deer crossing the road at night.
CLM-101738,POL-1003027,CUST-503027,Home,2024-11-09,Wind/Hail,18394.79,1000.0,17394.79,Paid,Fallen tree limb damaged the backyard deck during a storm.
CLM-101739,POL-1000564,CUST-500564,Home,2025-04-17,Fire,78164.74,500.0,77664.74,Paid,Electrical fire in the garage damaged walls and tools.
CLM-101740,POL-1000564,CUST-500564,Home,2026-03-24,Liability,5822.61,500.0,5322.61,Paid,Mail carrier slipped on icy front steps and sprained ankle.
CLM-101741,POL-1003571,CUST-503571,Auto,2024-06-25,Uninsured Motorist,5767.5,2500.0,3267.5,Paid,Hit-and-run incident in a shopping mall parking structure.
CLM-101742,POL-1004247,CUST-504247,Auto,2026-03-31,Collision,7059.14,250.0,6809.14,Paid,Multi-vehicle accident on wet roadway.
CLM-101743,POL-1002388,CUST-502388,Auto,2026-02-20,Comprehensive,11360.55,500.0,10860.55,Paid,Windshield cracked by a rock flying from a dump truck.
CLM-101745,POL-1002388,CUST-502388,Auto,2026-03-07,Uninsured Motorist,8172.24,500.0,7672.24,Paid,Hit-and-run incident in a shopping mall parking structure.
CLM-101744,POL-1002388,CUST-502388,Auto,2026-03-25,Liability,7666.51,500.0,0.0,Denied,Backed into neighbor's parked car causing bumper damage.
CLM-101746,POL-1001471,CUST-501471,Auto,2025-11-15,Comprehensive,21257.93,5000.0,16257.93,Paid,Hail storm caused extensive denting on hood and roof.
CLM-101747,POL-1001471,CUST-501471,Auto,2026-01-29,Uninsured Motorist,655.43,5000.0,0.0,Paid,Rear-ended by an uninsured driver who fled the scene.
CLM-101748,POL-1002630,CUST-502630,Home,2022-03-20,Wind/Hail,2784.38,2500.0,284.38,Paid,Hail storm damaged vinyl siding and cracked windows.
CLM-101749,POL-1001835,CUST-501835,Umbrella,2025-07-12,Liability,117638.01,250.0,117388.01,Paid,Settlement for personal injury lawsuit stemming from rental property.
CLM-101750,POL-1004928,CUST-504928,Home,2025-07-27,Liability,27908.39,2500.0,25408.39,Paid,Family dog bit a neighbor visiting the backyard.
CLM-101751,POL-1003475,CUST-503475,Auto,2025-11-07,Comprehensive,18715.48,2500.0,16215.48,Paid,Windshield cracked by a rock flying from a dump truck.
CLM-101752,POL-1001533,CUST-501533,Home,2022-05-18,Water Damage,13994.48,1000.0,12994.48,Paid,"Water heater failed, leaking water across the laundry room floor."
CLM-101753,POL-1004327,CUST-504327,Umbrella,2026-05-05,Liability,76224.49,5000.0,71224.49,Under Review,Defamation lawsuit settlement.
CLM-101754,POL-1002484,CUST-502484,Life,2025-08-27,Death Benefit,1079000.0,1000.0,1079000.0,Paid,Accidental death in a domestic incident.
CLM-101755,POL-1004207,CUST-504207,Renters,2025-10-23,Fire,3430.06,5000.0,0.0,Paid,Candle left unattended started a small bedroom fire.
CLM-101756,POL-1001172,CUST-501172,Auto,2023-06-15,Collision,500.0,500.0,0.0,Paid,Rear-end collision at a traffic intersection.
CLM-101757,POL-1001427,CUST-501427,Home,2025-11-03,Wind/Hail,1153.42,2500.0,0.0,Paid,Hail storm damaged vinyl siding and cracked windows.
CLM-101758,POL-1001427,CUST-501427,Home,2025-11-24,Water Damage,51390.21,2500.0,48890.21,Paid,"Dishwasher overflowed, damaging kitchen hardwood floors."
CLM-101759,POL-1000325,CUST-500325,Auto,2024-06-30,Collision,26225.39,2500.0,23725.39,Paid,Collided with a stationary utility pole while parking.
CLM-101760,POL-1001051,CUST-501051,Auto,2024-05-07,Comprehensive,11503.1,5000.0,6503.1,Paid,Windshield cracked by a rock flying from a dump truck.
CLM-101761,POL-1003319,CUST-503319,Renters,2022-11-04,Theft,8908.16,1000.0,7908.16,Paid,Bicycle stolen from the apartment complex bike rack.
CLM-101762,POL-1004721,CUST-504721,Home,2026-04-03,Fire,203437.93,500.0,202937.93,Paid,Electrical fire in the garage damaged walls and tools.
CLM-101763,POL-1003864,CUST-503864,Renters,2026-04-04,Fire,500.0,1000.0,0.0,Paid,Candle left unattended started a small bedroom fire.
CLM-101764,POL-1002603,CUST-502603,Home,2025-05-06,Wind/Hail,26302.95,1000.0,0.0,Denied,Severe thunderstorm tore off several roof shingles.
CLM-101765,POL-1001738,CUST-501738,Auto,2022-10-13,Liability,4765.72,250.0,4515.72,Paid,"Ran a stop sign and hit a bicyclist, causing minor injuries."
CLM-101766,POL-1001738,CUST-501738,Auto,2022-10-21,Uninsured Motorist,5171.01,250.0,4921.01,Paid,Rear-ended by an uninsured driver who fled the scene.
CLM-101767,POL-1001196,CUST-501196,Home,2022-09-15,Fire,19312.18,500.0,18812.18,Paid,Electrical fire in the garage damaged walls and tools.
CLM-101768,POL-1000620,CUST-500620,Life,2021-07-28,Death Benefit,387000.0,500.0,387000.0,Paid,Fatal cardiovascular event.
CLM-101769,POL-1001374,CUST-501374,Auto,2026-04-17,Uninsured Motorist,1400.57,1000.0,400.57,Paid,Rear-ended by an uninsured driver who fled the scene.
CLM-101770,POL-1002879,CUST-502879,Renters,2025-12-01,Theft,3538.52,250.0,3288.52,Paid,Bicycle stolen from the apartment complex bike rack.
CLM-101771,POL-1001189,CUST-501189,Auto,2024-02-06,Comprehensive,6611.2,250.0,6361.2,Paid,Hail storm caused extensive denting on hood and roof.
CLM-101772,POL-1001189,CUST-501189,Auto,2024-12-04,Liability,9714.71,250.0,9464.71,Paid,"Ran a stop sign and hit a bicyclist, causing minor injuries."
CLM-101773,POL-1000328,CUST-500328,Auto,2025-01-29,Collision,25033.37,5000.0,20033.37,Paid,Rear-end collision at a traffic intersection.
CLM-101776,POL-1000648,CUST-500648,Home,2024-07-22,Water Damage,11071.9,2500.0,8571.9,Paid,Burst pipe in the upstairs bathroom flooded the ceiling below.
CLM-101774,POL-1000648,CUST-500648,Home,2024-11-02,Theft,34285.57,2500.0,31785.57,Paid,Porch pirate stole high-value packages delivered to front door.
CLM-101775,POL-1000648,CUST-500648,Home,2024-11-25,Water Damage,1667.81,2500.0,0.0,Paid,"Water heater failed, leaking water across the laundry room floor."
CLM-101778,POL-1000897,CUST-500897,Auto,2025-09-02,Comprehensive,15176.3,500.0,14676.3,Paid,Collided with a deer crossing the road at night.
CLM-101777,POL-1000897,CUST-500897,Auto,2025-10-29,Uninsured Motorist,3658.19,500.0,3158.19,Paid,Hit-and-run incident in a shopping mall parking structure.
CLM-101779,POL-1003882,CUST-503882,Life,2025-01-22,Death Benefit,245000.0,1000.0,245000.0,Paid,Accidental death in a domestic incident.
CLM-101780,POL-1001123,CUST-501123,Auto,2023-04-26,Collision,4412.22,500.0,3912.22,Paid,Rear-end collision at a traffic intersection.
CLM-101781,POL-1001123,CUST-501123,Auto,2023-10-16,Uninsured Motorist,500.0,500.0,0.0,Paid,Rear-ended by an uninsured driver who fled the scene.
CLM-101782,POL-1001891,CUST-501891,Home,2025-12-21,Wind/Hail,146352.59,250.0,146102.59,Paid,Severe thunderstorm tore off several roof shingles.
CLM-101783,POL-1004643,CUST-504643,Auto,2024-05-19,Uninsured Motorist,24852.02,2500.0,22352.02,Paid,Rear-ended by an uninsured driver who fled the scene.
CLM-101784,POL-1004643,CUST-504643,Auto,2024-07-25,Liability,3064.0,2500.0,564.0,Paid,Third-party property damage to a storefront fence.
CLM-101785,POL-1004791,CUST-504791,Auto,2026-02-19,Collision,3802.05,5000.0,0.0,Paid,Sideswiped by another vehicle merging onto the highway.
CLM-101786,POL-1004529,CUST-504529,Auto,2023-12-17,Comprehensive,19076.67,1000.0,18076.67,Paid,Windshield cracked by a rock flying from a dump truck.
CLM-101787,POL-1004234,CUST-504234,Auto,2023-11-28,Uninsured Motorist,2499.51,2500.0,0.0,Paid,Rear-ended by an uninsured driver who fled the scene.
CLM-101788,POL-1004234,CUST-504234,Auto,2024-06-11,Liability,500.0,2500.0,0.0,Paid,"Ran a stop sign and hit a bicyclist, causing minor injuries."
CLM-101789,POL-1001593,CUST-501593,Renters,2025-10-01,Theft,4989.66,5000.0,0.0,Paid,"Apartment burglary; laptop, tablet, and gaming console stolen."
CLM-101790,POL-1003312,CUST-503312,Auto,2025-02-06,Liability,5500.54,5000.0,500.54,Paid,Third-party property damage to a storefront fence.
CLM-101791,POL-1002547,CUST-502547,Auto,2022-07-10,Liability,3249.5,1000.0,2249.5,Paid,Backed into neighbor's parked car causing bumper damage.
CLM-101792,POL-1001545,CUST-501545,Auto,2023-05-11,Uninsured Motorist,596.19,2500.0,0.0,Paid,Hit-and-run incident in a shopping mall parking structure.
CLM-101793,POL-1004336,CUST-504336,Auto,2024-07-24,Comprehensive,6263.29,2500.0,3763.29,Paid,Vehicle vandalized with spray paint in a public parking lot.
CLM-101794,POL-1001023,CUST-501023,Home,2025-05-01,Fire,7572.55,2500.0,0.0,Denied,Chimney fire caused attic and roof structure damage.
CLM-101795,POL-1001971,CUST-501971,Auto,2023-04-24,Liability,2216.16,250.0,1966.16,Paid,Third-party property damage to a storefront fence.
CLM-101797,POL-1004988,CUST-504988,Home,2022-10-04,Theft,62529.11,1000.0,0.0,Denied,Lawnmower and power tools stolen from locked backyard shed.
CLM-101796,POL-1004988,CUST-504988,Home,2022-10-15,Wind/Hail,25280.07,1000.0,24280.07,Paid,Fallen tree limb damaged the backyard deck during a storm.
CLM-101798,POL-1001714,CUST-501714,Auto,2026-03-21,Liability,1763.42,250.0,1513.42,Paid,Third-party property damage to a storefront fence.
CLM-101799,POL-1001717,CUST-501717,Auto,2024-04-23,Uninsured Motorist,10866.28,2500.0,8366.28,Paid,Rear-ended by an uninsured driver who fled the scene.
CLM-101801,POL-1001477,CUST-501477,Life,2024-10-24,Death Benefit,1494000.0,2500.0,1494000.0,Paid,Fatal cardiovascular event.
CLM-101800,POL-1001477,CUST-501477,Life,2025-01-11,Death Benefit,1494000.0,2500.0,1494000.0,Paid,Fatal cardiovascular event.
CLM-101802,POL-1000809,CUST-500809,Umbrella,2025-10-18,Liability,15985.62,5000.0,10985.62,Paid,Defamation lawsuit settlement.
CLM-101804,POL-1000809,CUST-500809,Umbrella,2026-01-30,Liability,15068.29,5000.0,10068.29,Paid,Defamation lawsuit settlement.
CLM-101803,POL-1000809,CUST-500809,Umbrella,2026-02-06,Liability,141764.12,5000.0,0.0,Denied,Excess liability claim following a major multi-car auto accident.
CLM-101805,POL-1002850,CUST-502850,Auto,2023-04-19,Liability,500.0,2500.0,0.0,Denied,"Ran a stop sign and hit a bicyclist, causing minor injuries."
CLM-101806,POL-1000978,CUST-500978,Auto,2025-07-19,Liability,9043.46,5000.0,4043.46,Paid,Backed into neighbor's parked car causing bumper damage.
CLM-101808,POL-1004687,CUST-504687,Home,2024-08-29,Wind/Hail,16833.82,1000.0,15833.82,Paid,Severe thunderstorm tore off several roof shingles.
CLM-101807,POL-1004687,CUST-504687,Home,2024-09-13,Liability,4229.65,1000.0,3229.65,Paid,Guest tripped over a loose rug and fractured their wrist.
CLM-101809,POL-1004895,CUST-504895,Life,2024-11-22,Death Benefit,144000.0,250.0,144000.0,Paid,Fatal cardiovascular event.
CLM-101810,POL-1001684,CUST-501684,Renters,2023-09-10,Fire,588.14,250.0,338.14,Paid,Candle left unattended started a small bedroom fire.
CLM-101811,POL-1004660,CUST-504660,Auto,2025-07-13,Collision,21775.57,1000.0,20775.57,Paid,Multi-vehicle accident on wet roadway.
CLM-101813,POL-1001514,CUST-501514,Auto,2025-05-12,Liability,16167.99,5000.0,11167.99,Paid,Backed into neighbor's parked car causing bumper damage.
CLM-101812,POL-1001514,CUST-501514,Auto,2026-03-19,Uninsured Motorist,18310.76,5000.0,0.0,Denied,Hit-and-run incident in a shopping mall parking structure.
CLM-101814,POL-1002404,CUST-502404,Auto,2025-08-21,Collision,4448.62,250.0,4198.62,Paid,Rear-end collision at a traffic intersection.
CLM-101815,POL-1002021,CUST-502021,Auto,2025-04-05,Uninsured Motorist,16267.89,5000.0,11267.89,Paid,Rear-ended by an uninsured driver who fled the scene.
CLM-101816,POL-1004553,CUST-504553,Auto,2022-10-01,Collision,20937.1,2500.0,18437.1,Paid,Sideswiped by another vehicle merging onto the highway.
CLM-101817,POL-1001767,CUST-501767,Auto,2026-03-14,Uninsured Motorist,12370.53,250.0,12120.53,Paid,Hit-and-run incident in a shopping mall parking structure.
CLM-101818,POL-1000174,CUST-500174,Home,2025-06-13,Wind/Hail,86213.46,250.0,0.0,Denied,Fallen tree limb damaged the backyard deck during a storm.
CLM-101819,POL-1001554,CUST-501554,Renters,2025-01-29,Water Damage,2406.57,1000.0,1406.57,Paid,Leaking pipe in the wall damaged living room furniture.
CLM-101820,POL-1001554,CUST-501554,Renters,2025-09-25,Theft,500.0,1000.0,0.0,Paid,Bicycle stolen from the apartment complex bike rack.
CLM-101821,POL-1004215,CUST-504215,Life,2021-11-06,Death Benefit,535000.0,250.0,535000.0,Paid,Passed away due to natural causes.
CLM-101822,POL-1001482,CUST-501482,Home,2022-08-11,Water Damage,11019.92,2500.0,8519.92,Paid,"Dishwasher overflowed, damaging kitchen hardwood floors."
CLM-101823,POL-1004461,CUST-504461,Auto,2024-01-06,Comprehensive,12632.95,2500.0,10132.95,Paid,Vehicle vandalized with spray paint in a public parking lot.
CLM-101824,POL-1000217,CUST-500217,Home,2026-03-12,Water Damage,16715.35,1000.0,15715.35,Paid,"Dishwasher overflowed, damaging kitchen hardwood floors."
CLM-101825,POL-1003914,CUST-503914,Auto,2025-09-19,Comprehensive,3976.38,2500.0,1476.38,Paid,Hail storm caused extensive denting on hood and roof.
CLM-101826,POL-1003720,CUST-503720,Auto,2022-03-13,Liability,797.75,250.0,547.75,Paid,Third-party property damage to a storefront fence.
CLM-101828,POL-1003720,CUST-503720,Auto,2022-07-16,Comprehensive,1320.64,250.0,1070.64,Paid,Hail storm caused extensive denting on hood and roof.
CLM-101827,POL-1003720,CUST-503720,Auto,2024-03-05,Uninsured Motorist,4175.17,250.0,3925.17,Paid,Rear-ended by an uninsured driver who fled the scene.
CLM-101829,POL-1000690,CUST-500690,Auto,2024-08-28,Liability,24964.93,2500.0,22464.93,Paid,Third-party property damage to a storefront fence.
CLM-101830,POL-1002577,CUST-502577,Auto,2025-07-17,Uninsured Motorist,13584.3,2500.0,11084.3,Paid,Hit-and-run incident in a shopping mall parking structure.
CLM-101831,POL-1002233,CUST-502233,Motorcycle,2024-09-05,Liability,6324.19,500.0,5824.19,Paid,Accidentally scraped side of a parked luxury sedan.
CLM-101832,POL-1002233,CUST-502233,Motorcycle,2024-12-30,Comprehensive,11844.23,500.0,11344.23,Paid,Fuel tank dented and seat slashed while parked overnight.
CLM-101833,POL-1002238,CUST-502238,Renters,2025-07-17,Water Damage,500.0,5000.0,0.0,Denied,Bathtub overflow from the apartment above leaked through ceiling.
CLM-101834,POL-1002238,CUST-502238,Renters,2025-10-16,Theft,12838.29,5000.0,7838.29,Paid,"Apartment burglary; laptop, tablet, and gaming console stolen."
CLM-101835,POL-1001106,CUST-501106,Home,2026-03-25,Liability,4569.71,250.0,0.0,Denied,Guest tripped over a loose rug and fractured their wrist.
CLM-101836,POL-1001789,CUST-501789,Home,2025-06-03,Fire,11025.56,1000.0,10025.56,Paid,Electrical fire in the garage damaged walls and tools.
CLM-101837,POL-1003188,CUST-503188,Home,2026-02-14,Theft,27277.47,500.0,26777.47,Paid,Break-in through rear window; jewelry and electronics stolen.
CLM-101840,POL-1002436,CUST-502436,Life,2022-05-29,Death Benefit,928000.0,2500.0,928000.0,Paid,Fatal cardiovascular event.
CLM-101838,POL-1002436,CUST-502436,Life,2022-07-25,Death Benefit,928000.0,2500.0,928000.0,Paid,Passed away due to natural causes.
CLM-101839,POL-1002436,CUST-502436,Life,2025-04-10,Death Benefit,928000.0,2500.0,928000.0,Paid,Passed away from complications of pneumonia.
CLM-101841,POL-1000611,CUST-500611,Renters,2022-10-20,Fire,2676.34,5000.0,0.0,Paid,Candle left unattended started a small bedroom fire.
CLM-101842,POL-1003660,CUST-503660,Home,2025-01-14,Fire,76250.56,5000.0,71250.56,Paid,Chimney fire caused attic and roof structure damage.
CLM-101843,POL-1003711,CUST-503711,Renters,2025-02-18,Water Damage,885.83,500.0,385.83,Paid,Leaking pipe in the wall damaged living room furniture.
CLM-101844,POL-1000576,CUST-500576,Home,2023-10-01,Wind/Hail,7799.76,2500.0,5299.76,Paid,Hail storm damaged vinyl siding and cracked windows.
CLM-101846,POL-1000576,CUST-500576,Home,2023-12-27,Fire,6077.42,2500.0,3577.42,Paid,Chimney fire caused attic and roof structure damage.
CLM-101845,POL-1000576,CUST-500576,Home,2024-02-12,Water Damage,26920.89,2500.0,24420.89,Paid,Burst pipe in the upstairs bathroom flooded the ceiling below.
CLM-101847,POL-1002063,CUST-502063,Home,2022-08-14,Water Damage,2798.88,250.0,2548.88,Paid,"Water heater failed, leaking water across the laundry room floor."
CLM-101848,POL-1004435,CUST-504435,Life,2023-10-11,Death Benefit,1140000.0,2500.0,1140000.0,Paid,Accidental death in a domestic incident.
CLM-101849,POL-1004435,CUST-504435,Life,2024-07-12,Death Benefit,1140000.0,2500.0,1140000.0,Paid,Passed away due to natural causes.
CLM-101850,POL-1001180,CUST-501180,Life,2022-10-27,Death Benefit,504000.0,5000.0,504000.0,Paid,Fatal cardiovascular event.
CLM-101851,POL-1001180,CUST-501180,Life,2023-01-18,Death Benefit,504000.0,5000.0,504000.0,Paid,Passed away from complications of pneumonia.
CLM-101852,POL-1000888,CUST-500888,Auto,2025-06-16,Uninsured Motorist,10678.88,1000.0,9678.88,Paid,Rear-ended by an uninsured driver who fled the scene.
CLM-101853,POL-1003128,CUST-503128,Umbrella,2022-08-27,Liability,1306.03,500.0,0.0,Denied,Settlement for personal injury lawsuit stemming from rental property.
CLM-101854,POL-1001732,CUST-501732,Home,2026-01-14,Theft,11424.46,250.0,11174.46,Paid,Break-in through rear window; jewelry and electronics stolen.
CLM-101855,POL-1002663,CUST-502663,Auto,2022-08-23,Collision,5498.74,500.0,4998.74,Paid,Multi-vehicle accident on wet roadway.
CLM-101857,POL-1000817,CUST-500817,Auto,2024-05-02,Liability,7967.79,2500.0,5467.79,Paid,Third-party property damage to a storefront fence.
CLM-101856,POL-1000817,CUST-500817,Auto,2024-05-15,Liability,16922.01,2500.0,14422.01,Paid,Third-party property damage to a storefront fence.
CLM-101858,POL-1003277,CUST-503277,Life,2025-07-15,Death Benefit,1978000.0,500.0,1978000.0,Paid,Passed away from complications of pneumonia.
CLM-101859,POL-1001859,CUST-501859,Motorcycle,2024-04-26,Liability,2796.09,1000.0,1796.09,Paid,Passenger injured when motorcycle slid on wet leaves.
CLM-101860,POL-1000208,CUST-500208,Home,2023-08-19,Wind/Hail,58294.34,500.0,57794.34,Paid,Fallen tree limb damaged the backyard deck during a storm.
CLM-101862,POL-1000293,CUST-500293,Renters,2024-02-06,Fire,4131.6,5000.0,0.0,Paid,"Toaster oven caught fire, causing kitchen smoke damage."
CLM-101861,POL-1000293,CUST-500293,Renters,2025-01-21,Fire,5692.3,5000.0,692.3,Paid,Candle left unattended started a small bedroom fire.
CLM-101863,POL-1000293,CUST-500293,Renters,2025-01-24,Theft,7444.99,5000.0,2444.99,Paid,"Apartment burglary; laptop, tablet, and gaming console stolen."
CLM-101866,POL-1001119,CUST-501119,Auto,2025-07-27,Collision,2404.63,5000.0,0.0,Paid,Multi-vehicle accident on wet roadway.
CLM-101864,POL-1001119,CUST-501119,Auto,2025-09-03,Collision,8094.24,5000.0,3094.24,Paid,Multi-vehicle accident on wet roadway.
CLM-101865,POL-1001119,CUST-501119,Auto,2026-01-01,Collision,12866.02,5000.0,7866.02,Paid,Multi-vehicle accident on wet roadway.
CLM-101867,POL-1002213,CUST-502213,Life,2026-03-03,Death Benefit,1311000.0,1000.0,1311000.0,Paid,Fatal cardiovascular event.
CLM-101868,POL-1001609,CUST-501609,Auto,2022-12-08,Uninsured Motorist,6256.66,500.0,0.0,Denied,Rear-ended by an uninsured driver who fled the scene.
CLM-101869,POL-1001609,CUST-501609,Auto,2023-06-06,Uninsured Motorist,13286.6,500.0,12786.6,Paid,Rear-ended by an uninsured driver who fled the scene.
CLM-101871,POL-1001264,CUST-501264,Renters,2022-08-28,Theft,1773.57,5000.0,0.0,Paid,Bicycle stolen from the apartment complex bike rack.
CLM-101870,POL-1001264,CUST-501264,Renters,2023-02-07,Water Damage,2811.78,5000.0,0.0,Paid,Leaking pipe in the wall damaged living room furniture.
CLM-101872,POL-1000990,CUST-500990,Auto,2026-03-15,Uninsured Motorist,6328.3,2500.0,3828.3,Paid,Hit-and-run incident in a shopping mall parking structure.
CLM-101873,POL-1004197,CUST-504197,Life,2024-07-17,Death Benefit,1843000.0,1000.0,1843000.0,Paid,Passed away due to natural causes.
CLM-101875,POL-1001616,CUST-501616,Life,2025-07-05,Death Benefit,1685000.0,5000.0,1685000.0,Paid,Fatal cardiovascular event.
CLM-101874,POL-1001616,CUST-501616,Life,2025-12-08,Death Benefit,1685000.0,5000.0,1685000.0,Paid,Accidental death in a domestic incident.
CLM-101876,POL-1000353,CUST-500353,Auto,2026-04-16,Liability,11687.0,500.0,0.0,Denied,Third-party property damage to a storefront fence.
CLM-101877,POL-1004557,CUST-504557,Auto,2025-10-19,Collision,951.16,2500.0,0.0,Paid,Sideswiped by another vehicle merging onto the highway.
CLM-101878,POL-1002022,CUST-502022,Auto,2023-09-12,Liability,18183.75,1000.0,17183.75,Paid,Third-party property damage to a storefront fence.
CLM-101880,POL-1003690,CUST-503690,Life,2024-12-04,Death Benefit,1462000.0,2500.0,0.0,Denied,Fatal cardiovascular event.
CLM-101881,POL-1003690,CUST-503690,Life,2025-11-06,Death Benefit,1462000.0,2500.0,1462000.0,Paid,Passed away due to natural causes.
CLM-101879,POL-1003690,CUST-503690,Life,2026-01-15,Death Benefit,1462000.0,2500.0,1462000.0,Paid,Accidental death in a domestic incident.
CLM-101882,POL-1002555,CUST-502555,Auto,2024-03-07,Collision,21403.17,1000.0,0.0,Denied,Collided with a stationary utility pole while parking.
CLM-101883,POL-1002555,CUST-502555,Auto,2025-08-09,Comprehensive,500.0,1000.0,0.0,Paid,Collided with a deer crossing the road at night.
CLM-101884,POL-1003048,CUST-503048,Life,2023-10-09,Death Benefit,1910000.0,250.0,1910000.0,Paid,Passed away due to natural causes.
CLM-101885,POL-1001228,CUST-501228,Motorcycle,2024-08-07,Comprehensive,1748.92,1000.0,748.92,Paid,Motorcycle stolen from apartment complex parking lot.
CLM-101886,POL-1000259,CUST-500259,Home,2024-05-02,Fire,871.54,5000.0,0.0,Paid,Grease fire in the kitchen caused severe cabinet and smoke damage.
CLM-101887,POL-1001519,CUST-501519,Auto,2025-08-12,Comprehensive,7210.05,1000.0,6210.05,Paid,Vehicle vandalized with spray paint in a public parking lot.
CLM-101888,POL-1001777,CUST-501777,Umbrella,2025-05-24,Liability,352139.62,250.0,0.0,Denied,Defamation lawsuit settlement.
CLM-101891,POL-1004739,CUST-504739,Auto,2024-11-22,Collision,8364.98,250.0,8114.98,Paid,Sideswiped by another vehicle merging onto the highway.
CLM-101890,POL-1004739,CUST-504739,Auto,2025-01-14,Collision,9281.54,250.0,9031.54,Paid,Sideswiped by another vehicle merging onto the highway.
CLM-101889,POL-1004739,CUST-504739,Auto,2025-02-10,Comprehensive,17074.53,250.0,16824.53,Paid,Windshield cracked by a rock flying from a dump truck.
CLM-101892,POL-1001770,CUST-501770,Auto,2025-08-25,Liability,5934.64,250.0,5684.64,Paid,Backed into neighbor's parked car causing bumper damage.
CLM-101894,POL-1004353,CUST-504353,Life,2024-03-02,Death Benefit,1815000.0,500.0,1815000.0,Paid,Passed away from complications of pneumonia.
CLM-101893,POL-1004353,CUST-504353,Life,2024-05-20,Death Benefit,1815000.0,500.0,1815000.0,Paid,Passed away due to natural causes.
CLM-101895,POL-1000052,CUST-500052,Home,2026-03-23,Wind/Hail,11798.19,5000.0,6798.19,Paid,Hail storm damaged vinyl siding and cracked windows.
CLM-101897,POL-1003473,CUST-503473,Renters,2022-07-07,Water Damage,1722.21,5000.0,0.0,Paid,Leaking pipe in the wall damaged living room furniture.
CLM-101896,POL-1003473,CUST-503473,Renters,2022-11-22,Fire,2149.22,5000.0,0.0,Paid,Candle left unattended started a small bedroom fire.
CLM-101899,POL-1004683,CUST-504683,Auto,2024-10-26,Comprehensive,18913.44,500.0,18413.44,Paid,Hail storm caused extensive denting on hood and roof.
CLM-101898,POL-1004683,CUST-504683,Auto,2024-12-31,Uninsured Motorist,8356.33,500.0,7856.33,Paid,Rear-ended by an uninsured driver who fled the scene.
CLM-101900,POL-1004411,CUST-504411,Auto,2025-11-08,Collision,1932.88,250.0,1682.88,Paid,Rear-end collision at a traffic intersection.
CLM-101901,POL-1002409,CUST-502409,Home,2026-02-28,Liability,31577.08,1000.0,30577.08,Paid,Family dog bit a neighbor visiting the backyard.
CLM-101902,POL-1002787,CUST-502787,Home,2024-10-19,Theft,46861.33,5000.0,41861.33,Paid,Lawnmower and power tools stolen from locked backyard shed.
CLM-101903,POL-1002344,CUST-502344,Life,2024-10-29,Death Benefit,1110000.0,1000.0,1110000.0,Paid,Passed away from complications of pneumonia.
CLM-101905,POL-1001033,CUST-501033,Umbrella,2025-10-23,Liability,180975.73,2500.0,178475.73,Paid,Excess liability claim following a major multi-car auto accident.
CLM-101904,POL-1001033,CUST-501033,Umbrella,2025-11-22,Liability,260300.56,2500.0,257800.56,Paid,Settlement for personal injury lawsuit stemming from rental property.
CLM-101906,POL-1001097,CUST-501097,Auto,2025-02-22,Liability,14279.44,1000.0,13279.44,Paid,Backed into neighbor's parked car causing bumper damage.
CLM-101907,POL-1001097,CUST-501097,Auto,2025-04-27,Liability,8766.1,1000.0,7766.1,Paid,"Ran a stop sign and hit a bicyclist, causing minor injuries."
CLM-101908,POL-1000543,CUST-500543,Auto,2026-02-04,Liability,4422.62,500.0,3922.62,Paid,Backed into neighbor's parked car causing bumper damage.
CLM-101909,POL-1001046,CUST-501046,Auto,2022-02-11,Liability,5710.83,500.0,0.0,Denied,"Ran a stop sign and hit a bicyclist, causing minor injuries."
CLM-101910,POL-1001046,CUST-501046,Auto,2022-10-28,Comprehensive,2646.71,500.0,2146.71,Paid,Windshield cracked by a rock flying from a dump truck.
CLM-101911,POL-1001894,CUST-501894,Auto,2024-03-06,Comprehensive,1029.76,2500.0,0.0,Paid,Hail storm caused extensive denting on hood and roof.
CLM-101912,POL-1004376,CUST-504376,Auto,2025-12-23,Comprehensive,1397.88,2500.0,0.0,Paid,Hail storm caused extensive denting on hood and roof.
CLM-101913,POL-1000030,CUST-500030,Home,2026-03-15,Liability,33113.39,5000.0,28113.39,Paid,Family dog bit a neighbor visiting the backyard.
CLM-101914,POL-1000725,CUST-500725,Auto,2022-10-20,Comprehensive,11439.01,5000.0,6439.01,Paid,Vehicle vandalized with spray paint in a public parking lot.
CLM-101915,POL-1004961,CUST-504961,Home,2023-08-30,Liability,30764.82,2500.0,28264.82,Paid,Guest tripped over a loose rug and fractured their wrist.
CLM-101916,POL-1004961,CUST-504961,Home,2023-11-04,Water Damage,5482.94,2500.0,2982.94,Paid,"Water heater failed, leaking water across the laundry room floor."
CLM-101918,POL-1004718,CUST-504718,Auto,2022-05-03,Comprehensive,3889.72,250.0,3639.72,Paid,Collided with a deer crossing the road at night.
CLM-101917,POL-1004718,CUST-504718,Auto,2023-11-11,Comprehensive,3586.14,250.0,3336.14,Paid,Hail storm caused extensive denting on hood and roof.
CLM-101919,POL-1003903,CUST-503903,Life,2024-05-12,Death Benefit,1109000.0,250.0,1109000.0,Paid,Fatal cardiovascular event.
CLM-101920,POL-1001426,CUST-501426,Motorcycle,2024-10-08,Collision,11479.7,250.0,11229.7,Paid,Collided with a guardrail while avoiding a sudden obstacle.
CLM-101921,POL-1002497,CUST-502497,Auto,2021-07-02,Liability,7140.22,2500.0,4640.22,Paid,"Ran a stop sign and hit a bicyclist, causing minor injuries."
CLM-101922,POL-1000436,CUST-500436,Umbrella,2025-11-18,Liability,45374.42,5000.0,40374.42,Paid,Settlement for personal injury lawsuit stemming from rental property.
CLM-101923,POL-1002470,CUST-502470,Life,2026-04-12,Death Benefit,895000.0,2500.0,895000.0,Paid,Fatal cardiovascular event.
CLM-101924,POL-1002470,CUST-502470,Life,2026-04-16,Death Benefit,895000.0,2500.0,895000.0,Paid,Passed away due to natural causes.
CLM-101925,POL-1000912,CUST-500912,Auto,2025-10-11,Comprehensive,6130.09,5000.0,1130.09,Paid,Windshield cracked by a rock flying from a dump truck.
CLM-101926,POL-1004222,CUST-504222,Auto,2023-08-27,Liability,941.83,5000.0,0.0,Paid,Third-party property damage to a storefront fence.
CLM-101928,POL-1004352,CUST-504352,Auto,2023-01-26,Liability,3079.67,1000.0,2079.67,Paid,Backed into neighbor's parked car causing bumper damage.
CLM-101927,POL-1004352,CUST-504352,Auto,2024-03-20,Comprehensive,3461.59,1000.0,2461.59,Paid,Vehicle vandalized with spray paint in a public parking lot.
CLM-101929,POL-1004512,CUST-504512,Home,2025-12-02,Theft,15049.53,1000.0,14049.53,Paid,Break-in through rear window; jewelry and electronics stolen.
CLM-101930,POL-1004443,CUST-504443,Home,2025-10-15,Liability,5111.91,1000.0,4111.91,Paid,Family dog bit a neighbor visiting the backyard.
CLM-101931,POL-1002287,CUST-502287,Auto,2025-05-11,Liability,26733.51,500.0,26233.51,Paid,Backed into neighbor's parked car causing bumper damage.
CLM-101932,POL-1004597,CUST-504597,Life,2024-01-20,Death Benefit,1141000.0,2500.0,1141000.0,Paid,Accidental death in a domestic incident.
CLM-101933,POL-1001238,CUST-501238,Home,2025-11-03,Water Damage,585.47,250.0,335.47,Paid,Burst pipe in the upstairs bathroom flooded the ceiling below.
CLM-101934,POL-1000903,CUST-500903,Home,2025-11-27,Wind/Hail,4294.36,500.0,3794.36,Paid,Hail storm damaged vinyl siding and cracked windows.
CLM-101935,POL-1003620,CUST-503620,Auto,2024-06-30,Liability,3311.94,5000.0,0.0,Paid,"Ran a stop sign and hit a bicyclist, causing minor injuries."
CLM-101936,POL-1003231,CUST-503231,Motorcycle,2024-09-14,Liability,9783.39,5000.0,4783.39,Paid,Passenger injured when motorcycle slid on wet leaves.
CLM-101937,POL-1002859,CUST-502859,Home,2024-09-12,Wind/Hail,18450.21,5000.0,13450.21,Paid,Severe thunderstorm tore off several roof shingles.
CLM-101938,POL-1000507,CUST-500507,Home,2024-10-22,Liability,23243.5,500.0,22743.5,Paid,Family dog bit a neighbor visiting the backyard.
CLM-101939,POL-1003221,CUST-503221,Auto,2025-02-19,Liability,7746.75,500.0,7246.75,Paid,"Ran a stop sign and hit a bicyclist, causing minor injuries."
CLM-101940,POL-1000183,CUST-500183,Life,2023-01-24,Death Benefit,698000.0,2500.0,698000.0,Paid,Accidental death in a domestic incident.
CLM-101941,POL-1001564,CUST-501564,Auto,2023-01-01,Uninsured Motorist,4923.56,1000.0,3923.56,Paid,Hit-and-run incident in a shopping mall parking structure.
CLM-101942,POL-1002704,CUST-502704,Life,2025-11-15,Death Benefit,395000.0,5000.0,395000.0,Paid,Passed away due to natural causes.
CLM-101944,POL-1000321,CUST-500321,Home,2022-02-28,Liability,13476.12,1000.0,12476.12,Paid,Guest tripped over a loose rug and fractured their wrist.
CLM-101945,POL-1000321,CUST-500321,Home,2022-05-16,Wind/Hail,19102.5,1000.0,18102.5,Paid,Fallen tree limb damaged the backyard deck during a storm.
CLM-101943,POL-1000321,CUST-500321,Home,2022-06-14,Theft,30346.16,1000.0,29346.16,Paid,Break-in through rear window; jewelry and electronics stolen.
CLM-101946,POL-1003563,CUST-503563,Home,2022-05-18,Liability,1588.32,250.0,1338.32,Paid,Guest tripped over a loose rug and fractured their wrist.
CLM-101947,POL-1001538,CUST-501538,Life,2023-02-13,Death Benefit,583000.0,1000.0,583000.0,Paid,Passed away from complications of pneumonia.
CLM-101948,POL-1001837,CUST-501837,Home,2025-07-12,Theft,9232.63,250.0,8982.63,Paid,Lawnmower and power tools stolen from locked backyard shed.
CLM-101950,POL-1002380,CUST-502380,Auto,2026-02-06,Uninsured Motorist,2841.38,250.0,2591.38,Paid,Hit-and-run incident in a shopping mall parking structure.
CLM-101949,POL-1002380,CUST-502380,Auto,2026-04-25,Liability,12235.29,250.0,11985.29,Under Review,"Ran a stop sign and hit a bicyclist, causing minor injuries."
CLM-101951,POL-1001912,CUST-501912,Umbrella,2025-08-10,Liability,12942.72,500.0,12442.72,Paid,Defamation lawsuit settlement.
